,firstname,lastname,current,sigma,mu
1147,Janja,GARNBRET,"N(mu=6.070, sigma=0.291)",0.29066025370799,6.06975059871834
2253,Akiyo,NOGUCHI,"N(mu=4.797, sigma=0.187)",0.18684685398415873,4.796793943589514
636,Shauna,COXSEY,"N(mu=4.700, sigma=0.197)",0.19660538847218115,4.699933175483053
1211,Anna,STÖHR,"N(mu=4.519, sigma=0.188)",0.18827127994449963,4.519317828831427
1803,Natalia,GROSSMAN,"N(mu=4.384, sigma=0.259)",0.25947290203787815,4.384312083501975
2294,Miho,NONAKA,"N(mu=4.276, sigma=0.189)",0.18943826679967096,4.275630828989327
1710,Alex,PUCCIO,"N(mu=4.174, sigma=0.199)",0.19910588426062298,4.17381254229561
11462,Oriane,BERTONE,"N(mu=3.922, sigma=0.288)",0.2880339683033973,3.9223325723098585
2823,Juliane,WURM,"N(mu=3.770, sigma=0.194)",0.19400443375341858,3.7702084611409172
1119,Natalija,GROS,"N(mu=3.621, sigma=0.243)",0.24260165933096728,3.621400081798064
454,Melissa,LE NEVE,"N(mu=3.483, sigma=0.186)",0.18595414451729336,3.4832159887382765
43,Yulia,ABRAMCHUK,"N(mu=3.482, sigma=0.239)",0.23855522484061667,3.4823441425177575
1768,Megan,MASCARENAS,"N(mu=3.470, sigma=0.292)",0.29162240454951655,3.4696225694078424
309,Chloé,GRAFTIAUX,"N(mu=3.379, sigma=0.253)",0.25301687888583907,3.3791924546969425
1811,Brooke,RABOUTOU,"N(mu=3.361, sigma=0.227)",0.22696242255260435,3.3611752561975377
5280,Juliette,DANION,"N(mu=3.339, sigma=0.526)",0.5256182002018827,3.3389973137545046
3840,Stasa,GEJO,"N(mu=3.337, sigma=0.198)",0.19757162003097029,3.3367023039069523
1712,Sasha,DIGIULIAN,"N(mu=3.337, sigma=0.754)",0.7538945149004137,3.336639889792346
430,Sandrine,LEVET,"N(mu=3.294, sigma=0.745)",0.7445822068761865,3.294259772742167
2357,Futaba,ITO,"N(mu=3.280, sigma=0.215)",0.214824353902974,3.2798428851858703
6237,Therese,JOHANSEN,"N(mu=3.268, sigma=0.595)",0.5954688391665736,3.2682945947469313
469,Fanny,GIBERT,"N(mu=3.250, sigma=0.183)",0.18272611517260756,3.2503122071690673
2263,Momoka,ODA,"N(mu=3.231, sigma=0.233)",0.23327333177817408,3.231393482083759
11620,Luce,DOUADY,"N(mu=3.224, sigma=0.734)",0.73436481571171,3.2240445432540343
13021,Anastasia,SANDERS,"N(mu=3.202, sigma=0.422)",0.42237274844815437,3.201743681695855
4756,Olga,SHALAGINA,"N(mu=3.198, sigma=0.250)",0.25027388887619284,3.197634174550929
12348,Martina,BURŠÍKOVÁ,"N(mu=3.192, sigma=0.721)",0.7205026444528017,3.192153710542684
2380,Ai,MORI,"N(mu=3.151, sigma=0.369)",0.3691379989413098,3.1506702905872706
1226,Jessica,PILZ,"N(mu=3.144, sigma=0.210)",0.20960203954743528,3.143905193743929
4755,Alex,JOHNSON,"N(mu=3.104, sigma=0.214)",0.21404544823163446,3.1035485323990506
1122,Mina,MARKOVIC,"N(mu=3.093, sigma=0.194)",0.19393185472450258,3.0932680309529768
1219,Johanna,ERNST,"N(mu=2.999, sigma=0.424)",0.4243276532976489,2.9985107127207877
58,Yana,CHERESHNEVA,"N(mu=2.899, sigma=0.269)",0.268851505745546,2.8994970905080364
12451,Selma,ELHADJ MIMOUNE,"N(mu=2.899, sigma=0.419)",0.41921362751043323,2.899473186922641
947,Camilla,MORONI,"N(mu=2.884, sigma=0.253)",0.25259123286262886,2.884238609584386
3246,Petra,KLINGLER,"N(mu=2.867, sigma=0.178)",0.17765740875718788,2.8674188681611454
446,Marine,THÉVENET,"N(mu=2.845, sigma=0.276)",0.2758640870035155,2.845184616935531
13596,Zhilu,LUO,"N(mu=2.834, sigma=0.346)",0.3462579140046629,2.834167997260524
41,Olga,BIBIK,"N(mu=2.810, sigma=0.234)",0.23404634757057236,2.8095030985454534
1209,Katharina,SAURWEIN,"N(mu=2.796, sigma=0.179)",0.1788496863050057,2.7959770474893695
4761,Anna,GALLYAMOVA,"N(mu=2.769, sigma=0.220)",0.22036261664860646,2.7690300035956334
2080,Chaehyun,SEO,"N(mu=2.764, sigma=0.283)",0.28250739897538035,2.764154744815748
4017,Ayala,KEREM,"N(mu=2.757, sigma=0.266)",0.2661361761438636,2.7566427699364837
2664,Angelica,LIND,"N(mu=2.756, sigma=0.309)",0.3090460343567457,2.756091898246166
445,Charlotte,DURIF,"N(mu=2.738, sigma=0.371)",0.371301454135663,2.7383066049628604
1160,Lucka,RAKOVEC,"N(mu=2.724, sigma=0.302)",0.301836563423439,2.724400848371159
1120,Katja,VIDMAR,"N(mu=2.718, sigma=0.262)",0.26224121682383383,2.7180513361862015
4757,Maud,ANSADE,"N(mu=2.674, sigma=0.262)",0.26194556110315836,2.6744697103340034
14008,Melody,SEKIKAWA,"N(mu=2.667, sigma=0.418)",0.4180024038257125,2.666960468230981
5788,Therese,JOHANNESEN,"N(mu=2.647, sigma=0.424)",0.4241802102472385,2.647040303932653
13992,Mashiro,KUZUU,"N(mu=2.628, sigma=1.003)",1.0034893785521701,2.627623091891096
2035,Jain,KIM,"N(mu=2.612, sigma=0.195)",0.19513759131116792,2.6115844108352873
1130,Katja,DEBEVEC,"N(mu=2.605, sigma=0.190)",0.189587877110231,2.6047322875109935
439,Anne-Laure,CHEVRIER,"N(mu=2.600, sigma=0.198)",0.19827946926027376,2.6003865724298922
5879,Angela,PAYNE,"N(mu=2.561, sigma=0.285)",0.28522580843170203,2.5610934067396363
44,Olga,IAKOVLEVA,"N(mu=2.542, sigma=0.284)",0.28355245902879544,2.541744207104935
848,Jenny,LAVARDA,"N(mu=2.538, sigma=0.217)",0.2167019156753492,2.537572197662923
4758,Alexandra,BALAKIREVA,"N(mu=2.533, sigma=0.256)",0.2555746167548898,2.532728021892654
2501,Oceania,MACKENZIE,"N(mu=2.520, sigma=0.258)",0.2578469562792772,2.5202275706341415
635,Michaela,TRACY,"N(mu=2.495, sigma=0.229)",0.2294779772629208,2.495230798953076
5777,Anne,HOARAU,"N(mu=2.468, sigma=1.052)",1.0524211668406271,2.4684931679957662
427,Cecile,AVEZOU,"N(mu=2.464, sigma=0.202)",0.20216374187903208,2.4644929418213906
620,Zélia,AVEZOU,"N(mu=2.434, sigma=0.391)",0.39051197152323464,2.4339505156183807
13321,Mia,AOYAGI,"N(mu=2.429, sigma=0.313)",0.3129446397879298,2.4287951600446895
2013,Monika,RETSCHY,"N(mu=2.412, sigma=0.187)",0.18669897718770526,2.4120772070546
6177,Ana,TIRIPA,"N(mu=2.371, sigma=1.011)",1.0107547373173975,2.3709738654302903
1358,Helena,LIPENSKA,"N(mu=2.365, sigma=0.726)",0.7262453808685878,2.364723776294182
1486,Ievgeniia,KAZBEKOVA,"N(mu=2.357, sigma=0.208)",0.20785414463960852,2.357162821890868
2047,Sol,SA,"N(mu=2.347, sigma=0.183)",0.18293609985526874,2.3471636627291756
1161,Mia,KRAMPL,"N(mu=2.343, sigma=0.264)",0.26399889523110787,2.343007919936901
443,Mélanie,SANDOZ,"N(mu=2.338, sigma=0.185)",0.18539726831443173,2.3383825848749744
55,Ekaterina,KIPRIIANOVA,"N(mu=2.332, sigma=0.226)",0.22566166035275848,2.332425465024401
3113,Hannah,MEUL,"N(mu=2.307, sigma=0.222)",0.222263450878894,2.3072656340810966
5514,Nina,CAPREZ,"N(mu=2.306, sigma=0.464)",0.46407179122474984,2.3058643767783575
2327,Mao,NAKAMURA,"N(mu=2.301, sigma=0.258)",0.2582655612251247,2.3014751182980686
1153,Vita,LUKAN,"N(mu=2.292, sigma=0.264)",0.26390691902374536,2.2916339270729957
5129,Lisa,RANDS,"N(mu=2.271, sigma=0.601)",0.6005831177862021,2.2709823877329005
1223,Berit,SCHWAIGER,"N(mu=2.254, sigma=0.203)",0.20252979490816442,2.253849964008332
442,Alizée,DUFRAISSE,"N(mu=2.246, sigma=0.283)",0.28334250092049146,2.2462706067649925
11813,Cloe,COSCOY,"N(mu=2.210, sigma=0.289)",0.2893371246890927,2.210413366053341
1750,Kyra,CONDIE,"N(mu=2.204, sigma=0.206)",0.2057347737541601,2.203705519485487
12297,Anon,MATSUFUJI,"N(mu=2.195, sigma=0.329)",0.3288510252193528,2.1949186080675718
2381,Natsuki,TANII,"N(mu=2.186, sigma=0.720)",0.7198768287744309,2.1863646398824956
1240,Franziska,STERRER,"N(mu=2.173, sigma=0.203)",0.20337732652984186,2.172974744224526
5874,Tiffany,HENSLEY,"N(mu=2.164, sigma=0.471)",0.47099499731262334,2.163683482263846
4535,Alexandra,EYER,"N(mu=2.119, sigma=0.293)",0.2930703236232056,2.11941524611049
914,Giorgia,TESIO,"N(mu=2.108, sigma=0.240)",0.23994790681257255,2.107896069011789
2310,Tomoko,KAJIMA,"N(mu=2.099, sigma=0.422)",0.42183489355126963,2.0993699001459087
1222,Katharina,POSCH,"N(mu=2.099, sigma=0.291)",0.2912478658926753,2.099175851937674
4814,Thirza,CARPENTER,"N(mu=2.090, sigma=0.602)",0.6018167571993729,2.0902478109220137
2268,Aya,ONOE,"N(mu=2.074, sigma=0.197)",0.19725838402143916,2.0744815971652546
1717,Cicada,JENERIK,"N(mu=2.048, sigma=0.733)",0.7326555256877939,2.0481253609512
11546,Sara,COPAR,"N(mu=2.047, sigma=0.585)",0.5849828716664329,2.0474235109552468
316,Chloe,CAULIER,"N(mu=2.043, sigma=0.182)",0.1819655960924384,2.042814180865307
632,Leah,CRANE,"N(mu=2.042, sigma=0.207)",0.20705469888023031,2.0417399823659648
147,Viktoriia,MESHKOVA,"N(mu=2.031, sigma=0.316)",0.3157093734701352,2.0310098777342622
5295,Elizabeth,ASHER,"N(mu=2.024, sigma=0.369)",0.36879291352573396,2.0239991101105184
1121,Maja,STREMFELJ,"N(mu=2.010, sigma=0.462)",0.46169171144642973,2.0099839091730014
3247,Rebekka,STOTZ,"N(mu=2.006, sigma=0.252)",0.25168056644505643,2.005983939753449
68,Dinara,FAKHRITDINOVA,"N(mu=2.005, sigma=0.317)",0.3173332473895526,2.0048194430116677
553,Flavy,COHAUT,"N(mu=1.996, sigma=0.265)",0.265112399620072,1.9960807837850525
1205,Sabine,BACHER,"N(mu=1.995, sigma=0.200)",0.2000212140709527,1.9947703882853454
638,Mina,LESLIE-WUJASTYK,"N(mu=1.984, sigma=0.224)",0.22433188161270592,1.9844015805972808
1137,Julija,KRUDER,"N(mu=1.981, sigma=0.204)",0.20424872397957003,1.9807965980464182
50,Tatiana,SHEMULINKINA ,"N(mu=1.978, sigma=0.253)",0.2530746721764677,1.9778726443430206
4328,Alma,BESTVATER,"N(mu=1.951, sigma=0.202)",0.20204004480216553,1.9505660792497117
13041,Nonoha,KUME,"N(mu=1.947, sigma=0.715)",0.715218939165702,1.947218087722093
12537,Kylie,CULLEN,"N(mu=1.943, sigma=0.257)",0.25715868126937846,1.9434361480910973
1565,Alannah,YIP,"N(mu=1.938, sigma=0.195)",0.19474672406159135,1.9382618152655162
11468,Erin,MCNEICE,"N(mu=1.938, sigma=0.456)",0.45614010928387166,1.9376343343136568
1753,Margo,HAYES,"N(mu=1.927, sigma=0.265)",0.2647123760935569,1.9272880713102416
6193,Dorothea,KARALUS,"N(mu=1.926, sigma=1.017)",1.0166256703686618,1.926431166625721
1243,Johanna,FÄRBER,"N(mu=1.920, sigma=0.199)",0.19852436263704493,1.9195423890767631
2278,Mei,KOTAKE,"N(mu=1.915, sigma=0.219)",0.21901086291105207,1.9148057466349657
2287,Aika,TAJIMA,"N(mu=1.906, sigma=0.519)",0.5187982782602505,1.9056182750163557
5493,Olga,BEZHKO,"N(mu=1.889, sigma=0.596)",0.596217292018933,1.8887722830046987
5040,Emilie,ABGRALL,"N(mu=1.874, sigma=0.519)",0.5188748153056458,1.8742270856382117
2356,Saki,KIKUCHI,"N(mu=1.868, sigma=0.344)",0.3438905090384583,1.8679174186108212
2251,Yuka,KOBAYASHI,"N(mu=1.865, sigma=0.305)",0.30482213176493556,1.8648080843549293
1181,Lucija,TARKUS,"N(mu=1.862, sigma=0.510)",0.5096982692765276,1.8621482403594285
455,Hélène,JANICOT,"N(mu=1.839, sigma=0.418)",0.4182998342296918,1.8392940646510259
1894,Chauncey,CARROLL,"N(mu=1.832, sigma=1.011)",1.0107733851443825,1.8317804512979121
1202,Barbara,BACHER,"N(mu=1.828, sigma=0.238)",0.2380030924551952,1.8282966036940218
466,Julia,CHANOURDIE,"N(mu=1.825, sigma=0.283)",0.2828716508061472,1.8254487859297468
1164,Urska,REPUSIC,"N(mu=1.824, sigma=0.326)",0.325624446801919,1.8243494565164513
4759,Samantha,BERRY,"N(mu=1.819, sigma=0.465)",0.464646882772061,1.8187888620516792
460,Clementine,KAISER,"N(mu=1.815, sigma=0.244)",0.24372964788201554,1.814631778554964
11524,Aya,SUGAWARA,"N(mu=1.799, sigma=1.003)",1.0026520735217848,1.7990358920133893
1812,Ashima,SHIRAISHI,"N(mu=1.794, sigma=0.363)",0.3631395856631526,1.7937025709032934
928,Laura,ROGORA,"N(mu=1.783, sigma=0.231)",0.231348034365156,1.7833934981224802
4891,Rachel,NILWIK,"N(mu=1.774, sigma=0.727)",0.7266383374474539,1.7735760523707373
3059,Hannah,MIDTBOE,"N(mu=1.751, sigma=0.232)",0.23226997868906032,1.7513076857226781
2343,Nanako,KURA,"N(mu=1.729, sigma=0.224)",0.22389858133378024,1.7293903812307705
693,Emily,PHILLIPS,"N(mu=1.721, sigma=0.289)",0.28887704366943256,1.7207389196217635
5249,Chelsea,RUDE,"N(mu=1.718, sigma=0.734)",0.7339821630451975,1.7180171382799192
11653,Agathe,CALLIET,"N(mu=1.711, sigma=0.509)",0.5094374607393648,1.7109376783312176
6251,Shannon,RUSSELL,"N(mu=1.707, sigma=1.026)",1.0258844618778855,1.7070881160556701
1270,Sandra,LETTNER,"N(mu=1.704, sigma=0.264)",0.26394796830558676,1.7037000029730665
6067,Dana,RIDDLE,"N(mu=1.700, sigma=0.731)",0.7311098160177962,1.7000781964764737
11621,Naïlé,MEIGNAN,"N(mu=1.676, sigma=0.508)",0.5077847747338238,1.6762784509682898
4320,Roxana,WIENAND,"N(mu=1.676, sigma=0.263)",0.26335116370302747,1.6762108465882624
4554,Berta,MARTIN SANCHO,"N(mu=1.673, sigma=1.009)",1.0093051091111427,1.6726435670395794
1718,Michaela,KIERSCH,"N(mu=1.670, sigma=0.595)",0.5945732744116128,1.6696734112473148
5756,Ganna,SAVCHENKO,"N(mu=1.666, sigma=1.024)",1.0240573522062828,1.6664697315199355
598,Clothilde,MORIN,"N(mu=1.663, sigma=0.587)",0.5868464085294232,1.6628161094963971
144,Elena,KRASOVSKAIA,"N(mu=1.662, sigma=0.264)",0.264113659042651,1.6621908455654952
11783,Ryu,NAKAGAWA,"N(mu=1.602, sigma=0.327)",0.3272718115109382,1.602395531777561
5630,Audrey,SEGUY,"N(mu=1.587, sigma=0.468)",0.46793628246919955,1.586768517393259
4832,Chauncenia,COX,"N(mu=1.576, sigma=0.604)",0.6039874864871024,1.576073990025154
3465,Elnaz,REKABI,"N(mu=1.571, sigma=0.252)",0.2516904555311399,1.5705538706819382
3254,Andrea,KÜMIN,"N(mu=1.554, sigma=0.210)",0.20992309943775037,1.5535783809270944
4699,Emilie,VERDIER,"N(mu=1.552, sigma=0.393)",0.39309539411106265,1.5515316262316308
2344,Hinako,FURUKAWA,"N(mu=1.545, sigma=1.013)",1.0134146916686884,1.544842010077398
3354,Afra,HÖNIG,"N(mu=1.542, sigma=0.197)",0.19744457381531064,1.5417254736372519
1714,Sierra,BLAIR-COYLE,"N(mu=1.539, sigma=0.208)",0.20839433580465175,1.5391668587225724
2369,Natsumi,HIRANO,"N(mu=1.536, sigma=0.584)",0.5842028303106711,1.5361720611658334
5044,Mélanie,SON,"N(mu=1.524, sigma=0.519)",0.5186665164701724,1.5236912254517057
526,Charlotte,ANDRE,"N(mu=1.513, sigma=0.417)",0.41726041404783676,1.5130495478517727
457,Nolwen,BERTHIER,"N(mu=1.503, sigma=0.591)",0.5913819385806518,1.5034005814649674
2795,Lilli,KIESGEN,"N(mu=1.496, sigma=0.232)",0.2322664016412669,1.496191594484382
4260,Sofya,YOKOYAMA,"N(mu=1.474, sigma=0.209)",0.20906630921161454,1.4735595944084943
3108,Julia,WINTER,"N(mu=1.472, sigma=0.727)",0.7265352200900459,1.4715681639722384
7443,Charlotte,GARDEN,"N(mu=1.459, sigma=1.008)",1.0082756029933788,1.4587599647269132
2349,Serika,OKAWACHI,"N(mu=1.454, sigma=0.459)",0.45859575439962863,1.4540387379637043
2329,Ayano,SOGA,"N(mu=1.434, sigma=1.012)",1.0115442233947383,1.4338557944558668
1629,Madison,FISCHER,"N(mu=1.433, sigma=0.264)",0.26368489391703576,1.433119245978304
1874,Megan,LYNCH,"N(mu=1.426, sigma=0.590)",0.590108695727812,1.4262681314274581
535,Maëlys,AGRAPART,"N(mu=1.418, sigma=0.327)",0.32685248742180717,1.4176907788894022
4330,Lucia,DÖRFFEL,"N(mu=1.409, sigma=0.264)",0.2643840648548085,1.4091020168535682
1225,Karoline,SINNHUBER,"N(mu=1.384, sigma=0.237)",0.23729780834677683,1.3838247480837584
1706,Sydney,MCNAIR,"N(mu=1.384, sigma=1.043)",1.0428420369243558,1.3836829655890601
6274,Patricia,HOLZMANN,"N(mu=1.378, sigma=0.590)",0.5897307634023825,1.378078194760079
13450,Rebeca,PÉREZ DUATO,"N(mu=1.372, sigma=0.509)",0.5085176987332042,1.372288016084791
4760,Manon,CHAPET,"N(mu=1.370, sigma=0.303)",0.30339526426907115,1.3703995322480687
6275,Victoria,KLEMM,"N(mu=1.370, sigma=0.718)",0.7178129736364018,1.3699875333083635
2297,Misato,NISHIKORI,"N(mu=1.361, sigma=1.013)",1.0133499849039413,1.361369360570542
4961,Alisa,GEL'FER,"N(mu=1.360, sigma=1.043)",1.0433093831514622,1.359520244080572
462,Manon,HILY,"N(mu=1.352, sigma=0.290)",0.2898150545604841,1.3521820727405462
5670,Katy,WHITTAKER,"N(mu=1.349, sigma=0.428)",0.4279850784555333,1.3493397550034736
2843,Karina,MIROSLAW,"N(mu=1.349, sigma=1.006)",1.0060497999332079,1.3485200489078601
1148,Tjasa,SLEMENSEK,"N(mu=1.340, sigma=0.362)",0.36219627552305356,1.339891666752275
1765,Melina,COSTANZA,"N(mu=1.339, sigma=0.588)",0.5875790815775189,1.339295456069168
5426,Anja,HODANN,"N(mu=1.339, sigma=0.512)",0.512417551072426,1.3392228051723765
5851,Franziska,SAURWEIN,"N(mu=1.336, sigma=0.524)",0.5242302511465088,1.3363783043632156
1751,Claire,BUHRFEIND,"N(mu=1.331, sigma=0.346)",0.34577353072391753,1.3310769733835324
13020,Adriene Akiko,CLARK,"N(mu=1.322, sigma=0.420)",0.420181660959842,1.3218667502305657
99,Evgeniya,LAPSHINA,"N(mu=1.312, sigma=0.416)",0.41598798736621273,1.3122179839459345
3109,Johanna,HOLFELD,"N(mu=1.303, sigma=0.326)",0.32623642537053227,1.302663558721544
4764,Manuela,SIGRIST,"N(mu=1.296, sigma=1.013)",1.0129007733378133,1.2961872306809576
1217,Madeleine,EPPENSTEINER,"N(mu=1.294, sigma=0.512)",0.5116537755663751,1.2942087828184747
3856,Primula,TEILMANN AALUND,"N(mu=1.281, sigma=0.999)",0.9986061425758745,1.2807576771686926
6167,Nina,WILLIAMS,"N(mu=1.240, sigma=0.734)",0.7336014300954926,1.2401315522047498
669,Hannah,SLANEY,"N(mu=1.233, sigma=0.313)",0.313257623350129,1.2331127742587307
5733,Maria,AGAFONOVA,"N(mu=1.215, sigma=0.603)",0.6026299285980433,1.2150558182842992
5644,Christina,SCHMID,"N(mu=1.210, sigma=0.517)",0.5169192717278553,1.2103319867247515
6416,Bettina,ASCHAUER,"N(mu=1.209, sigma=1.001)",1.001436923998673,1.2087181980333555
4925,Jessica,FAURE,"N(mu=1.206, sigma=1.013)",1.0125144384281806,1.2061536740888634
6238,Anna,VOLLENWYDER,"N(mu=1.201, sigma=0.329)",0.3287472534263308,1.201140132345486
1792,Lily,CANAVAN,"N(mu=1.193, sigma=0.592)",0.5924432251237562,1.192950320463518
3881,Liv,EGLI,"N(mu=1.184, sigma=0.587)",0.5866336377206095,1.1836695646643607
5988,Eva,PEPIN-HELIE,"N(mu=1.184, sigma=1.046)",1.0461480646592216,1.183548915101301
4830,Francesca,METCALF,"N(mu=1.181, sigma=0.352)",0.35198687299446,1.1809828978897996
1870,Sienna,KOPF,"N(mu=1.165, sigma=0.301)",0.3005679385402349,1.1652757031219236
5877,Erin,FORD-ZIELENIEWSKI,"N(mu=1.163, sigma=1.034)",1.0341025741694163,1.1628653758054313
3009,Yuetong,ZHANG,"N(mu=1.154, sigma=0.272)",0.2719406798292712,1.153797677952344
3179,Francis,GUILLEN,"N(mu=1.153, sigma=1.001)",1.0011030732523634,1.1532714768528958
694,Holly,TOOTHILL,"N(mu=1.153, sigma=0.257)",0.2568506159899399,1.1528414604832888
4735,Kseniia,ALEKSEEVA,"N(mu=1.142, sigma=0.474)",0.47417268141373176,1.1422807917552515
2139,Hung Ying,LEE,"N(mu=1.140, sigma=0.199)",0.19878460281314528,1.1397706222078536
6232,Elsa,PONZO,"N(mu=1.135, sigma=0.601)",0.6005143318367255,1.1346858192595484
87,Irina,KUZMENKO,"N(mu=1.133, sigma=0.344)",0.34384057700556436,1.1332702282002594
49,Evgeniia,MALAMID,"N(mu=1.125, sigma=0.599)",0.5992971671404347,1.1252492006906198
148,Luiza,EMELEVA,"N(mu=1.112, sigma=0.585)",0.5848952062240943,1.1116609545530836
1227,Julia,PINGGERA,"N(mu=1.110, sigma=0.251)",0.2514170337429927,1.1096273900639575
601,Saula,LERONDEL,"N(mu=1.102, sigma=1.008)",1.0081996681049163,1.1017563449725067
471,Camille,FAILLE,"N(mu=1.099, sigma=0.330)",0.3302323797839533,1.0987237097280114
1708,Meagan,MARTIN,"N(mu=1.088, sigma=0.273)",0.27306551710900706,1.0880311371289715
550,Mailys,PIAZZALUNGA,"N(mu=1.087, sigma=0.418)",0.41815200678425923,1.0871880317608336
1824,Maya,MADERE,"N(mu=1.079, sigma=0.264)",0.26379223387899675,1.0787985990849014
2339,Ayari,SAKAMOTO,"N(mu=1.075, sigma=0.425)",0.4248423009775577,1.0745540799103606
2693,Silvia,BARRETT,"N(mu=1.072, sigma=0.999)",0.9988043416998994,1.071899305278351
2864,Ida,KUPS,"N(mu=1.070, sigma=0.456)",0.455522168218556,1.0702455603422563
4293,Natalie,BÄRTSCHI,"N(mu=1.062, sigma=0.214)",0.21446288683695278,1.062380781168738
3578,Vera,ZIJLSTRA,"N(mu=1.057, sigma=0.177)",0.17671493239479444,1.056781481995352
1557,Stacey,WELDON,"N(mu=1.055, sigma=0.319)",0.31851257286100193,1.0554667332006948
6166,Maria Fernanda De Je,RODRIGUEZ,"N(mu=1.030, sigma=1.030)",1.0301469236558907,1.0295533370682237
1210,Christine,SCHRANZ,"N(mu=1.019, sigma=0.424)",0.4238352311932859,1.0193066138990845
1023,Federica,PAPETTI,"N(mu=1.017, sigma=1.003)",1.0029963612709694,1.0170547303418758
2374,Akiko,KAWABATA,"N(mu=1.006, sigma=1.013)",1.0133793547951322,1.0061375704709798
2324,Kokoro,TAKATA,"N(mu=0.973, sigma=0.722)",0.7223316691212401,0.9730188227438594
2520,Flora,FROESE,"N(mu=0.971, sigma=0.714)",0.7138885142368192,0.9713250239940516
4002,Noa,SHIRAN,"N(mu=0.971, sigma=0.390)",0.39002630018809714,0.9709781221209174
6160,Giada,ZAMPA,"N(mu=0.968, sigma=0.721)",0.7207497622438677,0.9682482508574164
1825,Emily,ZIFFER,"N(mu=0.967, sigma=1.019)",1.0188630650923816,0.9671300850778833
676,Eugenie,LEE,"N(mu=0.964, sigma=1.007)",1.0066698507712373,0.9638425142573142
1038,Irina,DAZIANO,"N(mu=0.964, sigma=0.585)",0.5849029248992755,0.9635357334782741
1259,Eva Maria,HAMMELMÜLLER,"N(mu=0.964, sigma=0.585)",0.5854538140776557,0.9635257304602101
3426,Anne-Sophie,KOLLER,"N(mu=0.960, sigma=0.289)",0.28887668307633474,0.9595758125033746
1740,Katherine,LAMB,"N(mu=0.954, sigma=1.002)",1.0015456377733696,0.954489982115042
6310,Miura,HAWKINS,"N(mu=0.937, sigma=0.519)",0.5194291391888463,0.9373197345720538
4768,Marine,DELPIERRE,"N(mu=0.932, sigma=0.432)",0.432077762337701,0.931867666252226
2016,Isabell,ADOLPH,"N(mu=0.930, sigma=1.001)",1.0009705985126234,0.929960177590905
3130,Katherine,CHOONG,"N(mu=0.928, sigma=0.728)",0.7275022014359769,0.9277578583268646
40,Natalia,TITOVA,"N(mu=0.924, sigma=0.753)",0.7533550037912629,0.9238720201448046
1232,Hannah,SCHUBERT,"N(mu=0.921, sigma=0.585)",0.5853134041433266,0.9213127976935419
8961,Elisa,VAN DER WEL,"N(mu=0.915, sigma=0.713)",0.7130540268329979,0.9154051336027563
5199,Tomoko,OGAWA,"N(mu=0.906, sigma=1.052)",1.0522396685473336,0.9063698321998419
11784,Hana,KOIKE,"N(mu=0.891, sigma=0.389)",0.3888272026774533,0.891274978010283
91,Anna,MARGOLINA,"N(mu=0.889, sigma=0.416)",0.41590016266422364,0.8885572369432505
5876,Charlotte,JOUETT-BOSLEY,"N(mu=0.882, sigma=0.750)",0.7495837640612598,0.8820694060040479
1810,Victoria,PERKINS,"N(mu=0.879, sigma=1.012)",1.0118053185596596,0.8791434372071112
5882,Kasia,PIETRAS,"N(mu=0.873, sigma=0.603)",0.603013727365114,0.8729463115720744
5283,Roberta,LONGO,"N(mu=0.872, sigma=0.603)",0.6031119609645758,0.8720726859500207
476,Romane,GRANDCOING,"N(mu=0.855, sigma=0.588)",0.5879550240086652,0.8551877119579472
2043,Seuran,HAN,"N(mu=0.853, sigma=1.031)",1.0311893395166596,0.8532327639352896
859,Andrea,EBNER,"N(mu=0.849, sigma=0.246)",0.2455606070870482,0.849015085107685
853,Alexandra,LADURNER,"N(mu=0.846, sigma=0.422)",0.42241593413180867,0.8459641439734168
2379,Yuno,HARIGAE,"N(mu=0.844, sigma=1.014)",1.0141550231691077,0.8438295367408752
1224,Magdalena,RÖCK,"N(mu=0.841, sigma=1.006)",1.006385499019711,0.8407303276367275
70,Anna,ZAIKINA,"N(mu=0.840, sigma=0.363)",0.3632575709906374,0.839716733211637
4918,Amanda,ROHNER,"N(mu=0.833, sigma=0.740)",0.7403999379024885,0.8331248975838584
12474,Miku,ISHII,"N(mu=0.832, sigma=0.589)",0.5891747933155356,0.8319343753753909
2256,Saari,WATANABE,"N(mu=0.822, sigma=0.465)",0.4651982812550622,0.8221975496852996
6049,Mateja,HOHKRAUT,"N(mu=0.822, sigma=0.392)",0.3920882648523674,0.8217731485364119
1752,Grace,MCKEEHAN,"N(mu=0.797, sigma=0.394)",0.3943705675066834,0.7972264456998815
1360,Silvie,RAJFOVA,"N(mu=0.790, sigma=0.236)",0.235957632365464,0.7904586353817773
1826,Molly,RENNIE,"N(mu=0.785, sigma=0.726)",0.7257589131253729,0.7849293149984706
1218,Stefanie,PICHLER,"N(mu=0.780, sigma=0.600)",0.6001916606053226,0.780037747942503
8887,Helene,WOLF,"N(mu=0.779, sigma=1.002)",1.0017482448904433,0.7789472891792171
643,Tara,HAYES,"N(mu=0.777, sigma=0.289)",0.28941638937103054,0.77702418879093
4301,Michelle,HULLIGER,"N(mu=0.771, sigma=1.000)",1.0004633413146808,0.771273826856255
1249,Laura,STÖCKLER,"N(mu=0.763, sigma=0.459)",0.45870772090790535,0.7629138804688752
4973,Sarah,SCHÜTZENBERGER,"N(mu=0.762, sigma=0.595)",0.5948826162744313,0.7618597812086967
11658,Sabina,VAN ESSEN,"N(mu=0.758, sigma=0.716)",0.716134469845473,0.7578148909947559
1266,Mattea,PÖTZI,"N(mu=0.758, sigma=0.461)",0.4606930446298926,0.7576206969753646
2258,Asaki,HAGIWARA,"N(mu=0.756, sigma=0.287)",0.2868053319349669,0.756190303464364
6006,Tyler,YOUNGWERTH,"N(mu=0.752, sigma=0.607)",0.6068473662014886,0.7524505443598104
2326,Momoka,KANEKO,"N(mu=0.748, sigma=0.456)",0.45631730806562765,0.748435677579755
3627,Wei Sze Felicia,LIM,"N(mu=0.744, sigma=1.042)",1.041632600610898,0.7436686934909925
2340,Saeko,SUGIMURA,"N(mu=0.736, sigma=0.462)",0.46239382280295144,0.7360324503494692
862,Annalisa,DE MARCO,"N(mu=0.725, sigma=0.314)",0.31432085999762105,0.7253581064949591
5962,Megumi,TAKAHASHI,"N(mu=0.722, sigma=1.057)",1.0569606304748507,0.7217445210825598
6050,Atori,YASUDA,"N(mu=0.719, sigma=0.371)",0.3707242081526621,0.7189932043216475
3632,Vanessa Si Yinn,TENG,"N(mu=0.717, sigma=0.368)",0.36751882404308994,0.7166660322092254
3110,Denise,BERTRAM,"N(mu=0.716, sigma=0.721)",0.7205315601788377,0.7164605364617593
1769,Lisa,CHULICH,"N(mu=0.703, sigma=0.252)",0.25209365225989944,0.7034788954707993
1400,Eliska,ADAMOVSKA,"N(mu=0.700, sigma=0.327)",0.32745677286684044,0.6996352938117394
3161,Valentina,AGUADO,"N(mu=0.686, sigma=0.236)",0.23574553869093529,0.6863294970952643
481,Margaux,PUCHEUX,"N(mu=0.681, sigma=0.468)",0.4683330001730588,0.6810572200344824
1914,Quinn,MASON,"N(mu=0.681, sigma=0.389)",0.38925557767876445,0.6805988755738316
4892,Marianne,VERHAGE,"N(mu=0.676, sigma=0.741)",0.7406334994093351,0.6764172493696953
3265,Harini,HARINI,"N(mu=0.670, sigma=1.035)",1.0347855523779783,0.6700064959977364
118,Iuliia,PANTELEEVA,"N(mu=0.659, sigma=0.290)",0.2901781264333252,0.6591727179713859
4831,Audrey,GAWRYCH,"N(mu=0.654, sigma=0.613)",0.6126593039918735,0.6538163470539149
6194,Friederike,PETRI,"N(mu=0.654, sigma=0.366)",0.3661697687008747,0.6535111038339947
6114,Isabell,LEINER,"N(mu=0.650, sigma=0.463)",0.462556967461175,0.6496348690380666
5608,Ludivine,HARMAND,"N(mu=0.634, sigma=0.728)",0.7278788287438219,0.6336357329668071
4765,Malin,HOLMBERG,"N(mu=0.627, sigma=1.019)",1.0187121371907248,0.6270782151677737
742,Louise,FLOCKHART,"N(mu=0.626, sigma=1.005)",1.0048720126241908,0.6259125383635492
13661,Evangelina,BRIGGS,"N(mu=0.609, sigma=0.512)",0.5118364380989234,0.6091549146563328
1375,Petra,RUZICKOVA,"N(mu=0.603, sigma=0.234)",0.2337155880291368,0.602669890061902
4857,Olga,MOROZKINA,"N(mu=0.595, sigma=0.758)",0.7583711892085104,0.5952979397188309
2393,Akane,KINOSHITA,"N(mu=0.581, sigma=1.010)",1.0099974791366009,0.580879188585629
6084,Eva,CARRO FERNÁNDEZ,"N(mu=0.575, sigma=0.598)",0.5976460113768604,0.574936521471001
12947,Lucy,GARLICK,"N(mu=0.567, sigma=1.005)",1.0050985002613217,0.5673705782266003
4018,Maya,DREAMER,"N(mu=0.566, sigma=0.364)",0.3635578017819517,0.5664691415786345
3887,Tabea,SCHWAB,"N(mu=0.565, sigma=0.269)",0.26869785630225407,0.5653831454188821
11740,Sandra,HOPFENSITZ,"N(mu=0.565, sigma=0.461)",0.4613990530534784,0.5652512049377977
3203,Jara,SPÄTE,"N(mu=0.565, sigma=0.329)",0.3294827756471669,0.5647863972131462
3614,Pleun,FRANK,"N(mu=0.546, sigma=0.717)",0.7170781963443112,0.546098293326376
6048,Karolina,NEVELIKOVA,"N(mu=0.539, sigma=0.370)",0.37043334409159634,0.5389941742332666
5678,Emeline,THOMAS,"N(mu=0.537, sigma=0.735)",0.7346530200797051,0.5373909670975354
5842,Katarina,FICKULIAKOVA,"N(mu=0.536, sigma=1.020)",1.0202105596025406,0.5358848892843879
5012,Andrea Brigitta,SZEKELY,"N(mu=0.531, sigma=0.473)",0.4730914161977216,0.5311562026666323
7444,Minna,ALMQVIST,"N(mu=0.524, sigma=1.009)",1.0091964709977654,0.524409512088553
642,Molly,THOMPSON-SMITH,"N(mu=0.522, sigma=0.291)",0.29081245300563385,0.5216029608282993
6156,Eevi,JAAKKOLA ,"N(mu=0.515, sigma=0.423)",0.42280510753907397,0.5150451758420884
1439,Eliska,BULENOVA,"N(mu=0.513, sigma=0.514)",0.5137704382162729,0.5131545279957312
13556,Gayeong,OH,"N(mu=0.507, sigma=0.513)",0.5126926464718495,0.5070288570205473
3622,Lisa,KLEM,"N(mu=0.505, sigma=0.586)",0.5855735080830773,0.5051450268827945
7164,Hongchun,XIANG,"N(mu=0.501, sigma=0.510)",0.5098928364312119,0.5009345021402838
5931,Yulia,TROEPOLSKAYA,"N(mu=0.488, sigma=1.067)",1.0674421263098923,0.48785951520665005
12358,Iziar,MARTÍNEZ ALMENDROS,"N(mu=0.487, sigma=0.511)",0.5111793022581652,0.48706738427505436
2325,Homare,TODA,"N(mu=0.485, sigma=0.724)",0.7243644112000605,0.4854029872581388
3357,Tamara,ULZHABAYEVA,"N(mu=0.484, sigma=0.285)",0.2853288554910941,0.48396281441830197
3891,Luna,FRIEDRICH,"N(mu=0.453, sigma=0.714)",0.7140972000596152,0.4526883481227245
6034,Andrea,FICHTNER,"N(mu=0.443, sigma=1.013)",1.012643910025376,0.44297743605955475
1895,Alexis,MASCARENAS,"N(mu=0.441, sigma=1.016)",1.015611479888009,0.44061747044694616
2019,Romy,FUCHS,"N(mu=0.439, sigma=0.456)",0.45569868231530647,0.4385316690827415
3078,Mie (marie Therese),KASTET,"N(mu=0.434, sigma=0.419)",0.4191756787803007,0.43358893142895705
1568,Elise,SETHNA,"N(mu=0.433, sigma=0.257)",0.2569278457368633,0.43275979045956264
991,Miriam,FOGU,"N(mu=0.428, sigma=0.457)",0.4571729498568099,0.4275473019222453
11827,Emily,HERDIC,"N(mu=0.427, sigma=0.723)",0.7228403945536638,0.4270227326051804
1724,Delaney,MILLER,"N(mu=0.426, sigma=0.423)",0.4225207564345692,0.42634366095068704
3584,Mirthe,VAN LIERE,"N(mu=0.425, sigma=0.516)",0.5160363767669873,0.4246930560137687
1590,Eva,THOMPSON,"N(mu=0.419, sigma=0.733)",0.7334364724189737,0.4189222440652623
4927,Soho,LANGBEHN,"N(mu=0.419, sigma=0.787)",0.7870644007633673,0.4188853198959927
4552,Zuzana,CINTALOVA,"N(mu=0.414, sigma=0.603)",0.6034516083583653,0.4136320954274276
6148,Jana,MÜLLER,"N(mu=0.410, sigma=0.465)",0.46453540875467547,0.4098564453662528
2081,Gayeon,CHO,"N(mu=0.400, sigma=1.010)",1.010221298282861,0.3998066113469861
11790,Mira,CAPICCHIONI,"N(mu=0.392, sigma=1.017)",1.0166517563038433,0.3924506081935634
4772,Elena,CHIAPPA,"N(mu=0.390, sigma=0.474)",0.47438724458053183,0.39046172498102577
653,Jennifer,WOOD,"N(mu=0.390, sigma=0.219)",0.21885433304634092,0.39018507792246143
4762,Magali,HAYEN,"N(mu=0.389, sigma=0.282)",0.2820860447945562,0.38923124366756195
3068,Sunniva Eik,HAAVE,"N(mu=0.381, sigma=0.289)",0.2887627281791337,0.38061552244274854
1917,Mia,BAWENDI,"N(mu=0.368, sigma=1.019)",1.0190824936166898,0.36843845986000917
3042,Vana,PICCINI,"N(mu=0.364, sigma=0.726)",0.7262900056312224,0.3637632788210921
4833,Amanda,BEREZOWSKI,"N(mu=0.360, sigma=1.056)",1.0556451099571103,0.3600940591057194
3524,Mahya,DARABIAN,"N(mu=0.351, sigma=0.717)",0.716831091202016,0.3514332072350546
4763,Diane,MERRICK,"N(mu=0.347, sigma=0.192)",0.19232182599950337,0.3465346095545438
910,Giulia,MEDICI,"N(mu=0.346, sigma=0.263)",0.2632165042929097,0.3462678944982276
1579,Allison,VEST,"N(mu=0.344, sigma=0.254)",0.25376810916515286,0.3442224269113149
5852,Miriam,PUTZ,"N(mu=0.332, sigma=1.022)",1.0218756632457533,0.3321912480595998
1619,Bronwen,KARNIS,"N(mu=0.332, sigma=0.457)",0.4569202786052242,0.3316220049478205
479,Anouck,JAUBERT,"N(mu=0.330, sigma=0.329)",0.3285828443337796,0.329527612604088
5878,Kate,MCGINNIS,"N(mu=0.329, sigma=0.761)",0.7614640370076778,0.3291402757969778
3468,Negar,VARSHOCHI,"N(mu=0.319, sigma=1.012)",1.0117558294012787,0.3193618309726616
12649,Barbara,WÓJCIK,"N(mu=0.317, sigma=1.002)",1.0023568159682756,0.31743683799256134
863,Anna,BORELLA,"N(mu=0.314, sigma=0.391)",0.39089000893521697,0.31426245329839536
6075,Gill,PEET,"N(mu=0.312, sigma=0.357)",0.35727040220297956,0.31248582265246244
5853,Natalie,SAILER,"N(mu=0.312, sigma=0.531)",0.5306993290739189,0.3117642447644989
802,Rut,CASAS MUR,"N(mu=0.309, sigma=0.716)",0.7155654987064668,0.3086753359086347
1961,Thea,WULFF,"N(mu=0.308, sigma=0.592)",0.5917795638678405,0.3083909776306575
4769,Morgane,AVELINE,"N(mu=0.303, sigma=0.284)",0.2844788382608031,0.30345720043456387
2002,Genevieve,DENNIS,"N(mu=0.297, sigma=0.727)",0.7270158303019478,0.29669601924100275
5545,Lea,DESLANDES,"N(mu=0.295, sigma=1.052)",1.0518386487409195,0.294876459562298
2850,Katarzyna,EKWINSKA,"N(mu=0.291, sigma=0.295)",0.29490510707418083,0.2909480729844082
4738,Sara,MORANDI,"N(mu=0.283, sigma=1.034)",1.0342091390088606,0.2832266145530067
841,Aida,TORRES ILLAMOLA,"N(mu=0.277, sigma=0.301)",0.30125093090759547,0.2767362942925951
456,Mathilde,BECERRA,"N(mu=0.270, sigma=0.525)",0.5248912638278133,0.26960677389578247
5723,Evren,KARADAĞ,"N(mu=0.245, sigma=1.012)",1.0121851209639163,0.24524971638608514
5881,Sheena,OSBORNE,"N(mu=0.238, sigma=1.049)",1.0490659085614076,0.23825613966028272
3198,Anouk,PIOLA,"N(mu=0.232, sigma=0.392)",0.3924580097685241,0.23162220024171531
1757,Claire,BRESNAN,"N(mu=0.225, sigma=0.469)",0.4688857869293612,0.22476307187611738
2018,Leonie,LOCHNER,"N(mu=0.224, sigma=0.273)",0.2734280894149686,0.22392171564033503
3580,Nikki,VAN BERGEN,"N(mu=0.215, sigma=0.424)",0.42409428831941104,0.21519337176292194
2941,Di,NIU,"N(mu=0.201, sigma=0.347)",0.3467377484530534,0.20080844899283704
2771,Vanda,MICHALKOVA,"N(mu=0.196, sigma=0.369)",0.3689438632801493,0.19618226284457557
4036,Emilie,PUPKO,"N(mu=0.170, sigma=0.720)",0.7197177084167976,0.16970090334062415
3865,Michelle,KIM THEISEN,"N(mu=0.169, sigma=0.457)",0.4569420069908924,0.16942828027765877
1738,Kayla,LIEUW,"N(mu=0.168, sigma=1.023)",1.0229509917645998,0.16828953483985515
73,Anna,TSYGANOVA,"N(mu=0.159, sigma=0.260)",0.260159519057093,0.1588961164992217
3086,Ingrid,KINDLIHAGEN,"N(mu=0.154, sigma=0.345)",0.34543865278279734,0.15403926244533322
2935,Rong,JIANG,"N(mu=0.152, sigma=0.234)",0.23366034741771627,0.15220040961561912
2267,Risa,OTA,"N(mu=0.150, sigma=0.375)",0.37457070016849375,0.14977407081163063
12562,Anastasiia,KOBETS,"N(mu=0.138, sigma=0.593)",0.5925682941402635,0.1378773292289349
115,Mariia,MUSIENKO,"N(mu=0.131, sigma=1.002)",1.0024053250512055,0.13133704356763576
2800,Anna,LAITINEN,"N(mu=0.129, sigma=0.369)",0.36852216705263774,0.1292465768080941
2671,Kajsa,ROSEN,"N(mu=0.109, sigma=0.587)",0.5866405182726897,0.1092477300034611
11624,Daria,NESTERENKO,"N(mu=0.104, sigma=0.457)",0.45736268716273715,0.10361417992587327
6138,Jera,LENARDIC,"N(mu=0.097, sigma=1.018)",1.0184277089063052,0.0970407416591013
175,Polina,KULAGINA,"N(mu=0.097, sigma=1.009)",1.0091050820842975,0.09674761958283158
6309,Kaori,HOSONO,"N(mu=0.092, sigma=0.308)",0.30830452288208027,0.09179736830846859
1269,Celina,SCHOIBL,"N(mu=0.091, sigma=0.587)",0.587358896810397,0.09062195477211993
3122,Frederike,FELL,"N(mu=0.090, sigma=0.509)",0.5090243779724238,0.09016502113774676
6371,Sophie,RAUBERGER,"N(mu=0.089, sigma=1.004)",1.0035327219300052,0.08908016303102821
5875,Victoria,WELDON,"N(mu=0.084, sigma=0.624)",0.6243588401845465,0.08379011904218418
6137,Maria Davies,SANDBU,"N(mu=0.074, sigma=0.600)",0.5995127842757902,0.0742455495723645
5281,Celine,COMBAZ,"N(mu=0.071, sigma=0.540)",0.5397571770277612,0.0707607087827946
4454,Ina,DZHAMBAZOVA,"N(mu=0.066, sigma=0.610)",0.6100182040212654,0.06570435517861974
1737,Lila,NEAHRING,"N(mu=0.051, sigma=1.021)",1.0205026697235768,0.051326374244296744
4923,Agata,MODRZEJEWSKA,"N(mu=0.046, sigma=0.477)",0.47688334883284456,0.04573328342955541
11545,Lena,SCHRITTWIESER,"N(mu=0.044, sigma=0.718)",0.7181697916030437,0.043701630786695214
3060,Tina Johnsen,HAFSAAS,"N(mu=0.043, sigma=0.281)",0.28060712792211734,0.04250191422774659
11785,Campbell,SARINOPOULOS,"N(mu=0.036, sigma=0.422)",0.4218503600136421,0.03628872056969738
2281,Miwa,OBA,"N(mu=0.028, sigma=0.319)",0.3189372905426217,0.027827609940806117
3121,Florence,GRÜNEWALD,"N(mu=0.015, sigma=0.715)",0.71528506085892,0.014879237159174129
4290,Joanne,BRINKMANN,"N(mu=0.005, sigma=1.008)",1.0082975240386227,0.0052129967348667
1888,Piper,KELLY,"N(mu=-0.005, sigma=1.023)",1.0225053273936073,-0.0051598536941892615
1650,Indiana,CHAPMAN,"N(mu=-0.005, sigma=0.347)",0.3471005735184099,-0.005221458428813329
321,Celine,CUYPERS,"N(mu=-0.011, sigma=0.586)",0.5858450250885662,-0.010505604961263309
3979,Valeri,KREMER,"N(mu=-0.011, sigma=0.223)",0.2225345176641596,-0.010582920723521398
1649,Babette,ROY,"N(mu=-0.036, sigma=0.328)",0.328337058319216,-0.03597116913018793
2503,Tiffany,MELIUS,"N(mu=-0.044, sigma=0.332)",0.33235647488578296,-0.04418688649529316
3986,Yael,TAUB,"N(mu=-0.051, sigma=0.229)",0.22903540058470517,-0.05077495331709752
5637,Spasina,NEDYALKOVA,"N(mu=-0.051, sigma=1.041)",1.040692887810856,-0.051271110554296735
6240,Giulia,ALTON,"N(mu=-0.059, sigma=0.736)",0.736290240540633,-0.05920188884073254
1382,Veronika,SIMKOVA,"N(mu=-0.061, sigma=1.002)",1.0022919930483345,-0.06136146880223552
4152,Santa,GRIGORJEVA,"N(mu=-0.062, sigma=0.588)",0.5876412406763782,-0.062042761925243314
13857,Maya,STASIUK,"N(mu=-0.066, sigma=0.516)",0.5155495375056958,-0.06611114511605917
349,Lucie,DELCOIGNE,"N(mu=-0.070, sigma=0.510)",0.5097233837387012,-0.06972994991491667
1488,Margaryta,ZAKHAROVA,"N(mu=-0.070, sigma=0.233)",0.2331933689794036,-0.06993902206028131
2070,Lan,KIM,"N(mu=-0.078, sigma=1.011)",1.010975207071755,-0.07809326255939439
8702,Annika,PIDDE,"N(mu=-0.086, sigma=0.716)",0.7156594614103512,-0.0855079744948916
13558,Yejoo,SEO,"N(mu=-0.089, sigma=0.393)",0.39303455277474797,-0.08851428162498383
5282,Emily,HARRINGTON,"N(mu=-0.091, sigma=1.080)",1.0804030301713639,-0.09123997275418266
11466,Alessia,MABBONI,"N(mu=-0.118, sigma=1.005)",1.004811774910545,-0.11842945297937378
903,Martina,ZANETTI,"N(mu=-0.138, sigma=0.419)",0.4193399213623686,-0.1376299215387781
2933,Xuhua,PAN,"N(mu=-0.142, sigma=0.391)",0.39078614251953925,-0.14198157631722447
697,Joanna,NEAME,"N(mu=-0.152, sigma=0.460)",0.46029795223521386,-0.15207339291286734
2668,Daniela,EBLER,"N(mu=-0.158, sigma=0.382)",0.38245317634391585,-0.15819723207220468
3850,Katrine,VANDET SALLING,"N(mu=-0.164, sigma=0.219)",0.2194004238504523,-0.1640879023796614
2373,Miharu,SOTOME,"N(mu=-0.173, sigma=0.748)",0.7483048300258086,-0.1728034369901559
97,Daria,MALYSHEVA,"N(mu=-0.173, sigma=0.720)",0.7204419839652391,-0.1730552093567012
1438,Michaela,SMETANOVA,"N(mu=-0.178, sigma=0.391)",0.3910603774942796,-0.17773645287312728
127,Olga,KUSHCH,"N(mu=-0.201, sigma=0.717)",0.716766721313289,-0.2009523063992397
739,Zoe,PEETERMANS,"N(mu=-0.202, sigma=0.728)",0.7276104897608837,-0.20223734978801647
1155,Lana,SKUSEK,"N(mu=-0.210, sigma=1.003)",1.0029939962298613,-0.21024321630053278
6000,Gamez,CIRIK,"N(mu=-0.212, sigma=1.016)",1.0163088843224835,-0.21216140808031528
12330,Arina,JURCENKO,"N(mu=-0.227, sigma=1.013)",1.0128129018705518,-0.22664640215367315
1898,Isabel,GIFFORD,"N(mu=-0.229, sigma=0.738)",0.7381117995665767,-0.2290121720678701
1285,Lea,KEMPF,"N(mu=-0.237, sigma=0.588)",0.5878615463395417,-0.23724893525358245
2711,Linda,SJÖDIN,"N(mu=-0.241, sigma=0.387)",0.38739124573395417,-0.24104892068082048
6032,Sylwia,BUCZEK,"N(mu=-0.245, sigma=0.407)",0.4070985366304612,-0.24452942743083925
4038,Yula,GOLD,"N(mu=-0.246, sigma=0.722)",0.7218184001857605,-0.24592748266538358
1630,Paige,BOKLASCHUK,"N(mu=-0.248, sigma=0.460)",0.4603437958411959,-0.2477985937700612
2021,Anna,LECHNER,"N(mu=-0.255, sigma=0.597)",0.5968699104842506,-0.2552794719385665
13272,Anne,ACKRE,"N(mu=-0.257, sigma=0.590)",0.5896043069565188,-0.25711606394155473
4728,Katrin,BRADY,"N(mu=-0.260, sigma=0.599)",0.5985954232693534,-0.26040239761521217
6239,Cathy,LAFLAMME,"N(mu=-0.265, sigma=0.735)",0.735479022316164,-0.26508752575401306
11464,Aleksandra,TOTKOVA,"N(mu=-0.267, sigma=0.332)",0.3315900475380021,-0.26710898508718894
1575,Pia,GRAHAM,"N(mu=-0.272, sigma=0.732)",0.7322849084523666,-0.27186806710659883
4859,Maria,BELOMESTNOVA,"N(mu=-0.273, sigma=1.085)",1.085365643800039,-0.2730712069041712
6068,Sarah,SHAW,"N(mu=-0.274, sigma=1.056)",1.0555430142096194,-0.273594086877567
5885,Kerry,BRIGGS,"N(mu=-0.276, sigma=0.612)",0.6116059991622863,-0.2761494377770373
5789,Zoe,OGDEN,"N(mu=-0.283, sigma=0.773)",0.7732180864869767,-0.28313155052294087
2486,Emma,HORAN,"N(mu=-0.287, sigma=0.354)",0.35389691962524955,-0.2872436095190553
12597,Anna,BOLIUS,"N(mu=-0.288, sigma=1.012)",1.0119471577791253,-0.2881377223679219
2936,Lamu,RENQING,"N(mu=-0.297, sigma=0.269)",0.2694777941880776,-0.2972440144746884
11377,Yejin,JUNG,"N(mu=-0.300, sigma=1.033)",1.0334449019153877,-0.30006579613734985
4982,Chunhua,LI,"N(mu=-0.307, sigma=0.774)",0.7735644724267493,-0.30739231572756287
4995,Sarah,GILMOUR,"N(mu=-0.310, sigma=1.046)",1.04599986964432,-0.31029049343287884
6051,Mariya,MULYAR,"N(mu=-0.316, sigma=0.487)",0.4872284524961602,-0.3159772488839357
6057,Courtney,SANDERS,"N(mu=-0.317, sigma=0.448)",0.4476027029338514,-0.3173954046609092
4861,Ksenia,SDOBNIKOVA,"N(mu=-0.323, sigma=0.546)",0.5457110026610483,-0.32325834548195553
2074,Jeongran,KO,"N(mu=-0.325, sigma=1.002)",1.0018285638175786,-0.3250005805570209
3996,Naama,YOHAI,"N(mu=-0.327, sigma=0.347)",0.3474712895965086,-0.326762029351173
4451,Claire,BELL,"N(mu=-0.336, sigma=0.740)",0.7399632686699832,-0.33561921794774546
1863,Julianna,JIMREIVAT,"N(mu=-0.339, sigma=1.028)",1.0281690767880656,-0.3388770913975675
75,Ekaterina,NOVITSKAIA,"N(mu=-0.341, sigma=0.730)",0.7304949898795261,-0.3405583713562812
2375,Katsuki,BAMBA,"N(mu=-0.349, sigma=0.733)",0.7329432302398624,-0.34904712469295857
6417,Noemi,LANGENKAMP,"N(mu=-0.355, sigma=1.006)",1.0064377468107788,-0.35501318627042605
5883,Alyrene,DOREY,"N(mu=-0.362, sigma=1.055)",1.0550624995511144,-0.36196137542853435
633,Natalie,BERRY,"N(mu=-0.363, sigma=0.733)",0.7328283205837507,-0.3629380990358833
12523,Francesca,MATUELLA,"N(mu=-0.369, sigma=1.013)",1.0131203671530329,-0.3685438219157644
2792,Hannah,HERMANN,"N(mu=-0.372, sigma=1.005)",1.0050209676324726,-0.3717734733585301
5976,Lucia,KORCOVA,"N(mu=-0.376, sigma=0.750)",0.7503542026910024,-0.37622204141933996
5994,Eline,NAS,"N(mu=-0.378, sigma=1.095)",1.0954944979823078,-0.37801186354865535
4165,Elza Elizabete,BARAKA,"N(mu=-0.387, sigma=0.719)",0.7193126729868051,-0.3871607224686245
810,Maria,BENACH ZUBERO,"N(mu=-0.388, sigma=0.725)",0.724949328901307,-0.38768736284481775
3911,Alejandra,CONTRERAS,"N(mu=-0.393, sigma=0.283)",0.28332930267450834,-0.39311757906898054
3472,Fatemeh,JAFARI MAHMODABADI,"N(mu=-0.395, sigma=0.737)",0.7365552734381478,-0.3947626267725717
5593,Kimie,KON,"N(mu=-0.398, sigma=1.020)",1.0195056759044738,-0.3977859022875379
860,Claudia,GHISOLFI,"N(mu=-0.398, sigma=1.020)",1.0199736807683635,-0.3983808262454615
1453,Marketa,JANOSOVA,"N(mu=-0.399, sigma=0.518)",0.5176871968185685,-0.3988453380483664
5403,Nelly,KUDROVA,"N(mu=-0.406, sigma=0.380)",0.37980429328787985,-0.4056221833817476
3594,Lynn,VAN DER MEER,"N(mu=-0.409, sigma=0.591)",0.590846146875719,-0.4088996811858799
6169,Tsukasa,MIZUGUCHI,"N(mu=-0.411, sigma=1.048)",1.0478227179228563,-0.41112309938888403
3604,Amanda,MEIJERING,"N(mu=-0.424, sigma=1.009)",1.0086931990481451,-0.4241091100005538
14031,Chaeyeong,KIM,"N(mu=-0.440, sigma=0.721)",0.7208425331708003,-0.4403396349615186
7414,Nadezhda,BRYAKINA,"N(mu=-0.441, sigma=1.048)",1.0479120363595604,-0.4408663020796139
2811,Laura,LOIKAS,"N(mu=-0.445, sigma=0.317)",0.31694227711514333,-0.44509028446169974
2869,Paulina,KALANDYK,"N(mu=-0.446, sigma=0.724)",0.724018529002421,-0.4461750603569648
13504,Xu,LITING,"N(mu=-0.461, sigma=1.036)",1.036272735232927,-0.4611097111735101
4860,Olga,KULISH,"N(mu=-0.473, sigma=0.439)",0.43886574306428144,-0.4729704119880056
2342,Chisato,KANAZAWA,"N(mu=-0.475, sigma=1.034)",1.0343612616879243,-0.47505625574754096
3595,Ysa,RAKESTRAW,"N(mu=-0.477, sigma=1.008)",1.0076165116016653,-0.4765518737619871
12383,Ariane,FRANKEN,"N(mu=-0.478, sigma=1.014)",1.0140092469435014,-0.47750042633466205
891,Asja,GOLLO,"N(mu=-0.480, sigma=0.461)",0.46105857445122517,-0.4803019271874111
4834,Isabelle,FAUS,"N(mu=-0.487, sigma=0.548)",0.5480899329930395,-0.4871862088584824
2970,Yiling,SONG,"N(mu=-0.495, sigma=0.511)",0.5109846162777689,-0.49457846832490854
1561,Jelisa,DUNBAR,"N(mu=-0.501, sigma=0.427)",0.4267022849831147,-0.5007429067501596
5880,Bonnie,DE BRUIJN,"N(mu=-0.509, sigma=0.611)",0.6114770155417347,-0.5090315473054869
12507,Anja,SANTINI MIKULIĆ,"N(mu=-0.510, sigma=0.590)",0.589707868619592,-0.5103945486478161
191,Anastasiia,EVGENEVA,"N(mu=-0.512, sigma=0.517)",0.5166448967801005,-0.5123163290595243
6168,Thomasina,PIDGEON,"N(mu=-0.514, sigma=0.274)",0.2736889160977755,-0.5138510354961167
5884,Sarah,AUSTIN,"N(mu=-0.515, sigma=0.624)",0.6236989919185806,-0.5153766333018194
2055,Minseon,KIM,"N(mu=-0.516, sigma=0.490)",0.4900167813790504,-0.5160087504088469
5348,Suet-Man,LI,"N(mu=-0.517, sigma=1.152)",1.15245062913631,-0.5167810761402577
2051,Seunghyun,KIM,"N(mu=-0.518, sigma=0.405)",0.4050460870518877,-0.5183741586316115
1591,Elizabeth,VINCE,"N(mu=-0.548, sigma=0.741)",0.7407988859346464,-0.5477917714161352
4766,Channah,BRANDSEMA,"N(mu=-0.548, sigma=0.625)",0.6250890840751201,-0.5482588357337939
4767,Zoë,MAIRE,"N(mu=-0.548, sigma=0.443)",0.44265871812485486,-0.5484101113410444
1103,Erin,STERKENBURG,"N(mu=-0.556, sigma=0.738)",0.738006169191325,-0.5564295385792649
12336,Anna Maria,APEL,"N(mu=-0.557, sigma=0.725)",0.7250265066298115,-0.5571708372206384
1951,Maggie,HAMMER,"N(mu=-0.562, sigma=1.028)",1.028024791910538,-0.5620412013338013
5217,Beatrix,CHONG,"N(mu=-0.572, sigma=1.049)",1.0493818167175428,-0.5716633103514138
12519,Leonie,HOFER,"N(mu=-0.573, sigma=1.015)",1.0147326461084734,-0.5730620041538861
2424,Yuliya,KEREMIDCHIEVA,"N(mu=-0.580, sigma=0.720)",0.719946660122325,-0.5800608615321405
6074,Olga,SHCHELNIKOVA,"N(mu=-0.583, sigma=0.754)",0.7542956931864266,-0.583420534554134
1728,Zoe,STEINBERG,"N(mu=-0.587, sigma=0.749)",0.7487889908064137,-0.5874231795415183
2330,Karin,KOJIMA ,"N(mu=-0.588, sigma=1.025)",1.02488201951991,-0.5878859042951947
1578,Alyssa,WEBER,"N(mu=-0.598, sigma=0.397)",0.3974699626548535,-0.5983243995917421
77,Nataliia,STEPANOVA,"N(mu=-0.599, sigma=1.008)",1.0084311793375569,-0.5989679557865558
2453,Mariam,KURDIANI,"N(mu=-0.607, sigma=1.023)",1.0231792599971852,-0.6066008633173884
1039,Caterina,DAL ZOTTO,"N(mu=-0.623, sigma=1.024)",1.0235404911630908,-0.6234622977531284
6094,Carolina,ROSERO,"N(mu=-0.647, sigma=0.609)",0.6085313640114148,-0.6466660995697057
328,Heloïse,DOUMONT,"N(mu=-0.648, sigma=0.389)",0.3893205334730074,-0.6477346217477761
14865,Sarina,GHAFFARI,"N(mu=-0.650, sigma=1.007)",1.0074983133036146,-0.6504057512117221
3441,Valiantsina,CHAMIAKINA,"N(mu=-0.651, sigma=0.391)",0.39066456505472097,-0.6507178475252154
4816,Szilvia,VARGA,"N(mu=-0.655, sigma=1.052)",1.0517477151102521,-0.6552425008024211
3601,Tiba,VROOM,"N(mu=-0.656, sigma=0.347)",0.34732924973657575,-0.6555334841925253
835,Mª Carmen,ALARCÓN GRAU,"N(mu=-0.656, sigma=0.718)",0.7177915848462504,-0.6561449023018892
4815,Mirka,KRAJCIOVA,"N(mu=-0.664, sigma=0.609)",0.6090109541261914,-0.6636701896891145
3363,Yelena,GRUNYASHINA,"N(mu=-0.664, sigma=1.024)",1.024225120062011,-0.663720355044242
3160,Rocio Ailen,BECERRA,"N(mu=-0.665, sigma=0.463)",0.4631856120722803,-0.6647509298957539
14291,Barbora,ZITKOVA,"N(mu=-0.666, sigma=1.020)",1.0198733723994842,-0.6663766674770135
6226,Yunqing,LIU,"N(mu=-0.675, sigma=1.193)",1.1926677189274602,-0.6750821745065076
1024,Beatrice,COLLI,"N(mu=-0.678, sigma=1.019)",1.018581520878642,-0.6775775833554365
1562,Celeste,WALL,"N(mu=-0.683, sigma=0.543)",0.5427664472852101,-0.6834917658297708
5329,Martina,HARNISCH,"N(mu=-0.686, sigma=1.041)",1.0405711846474472,-0.6856781057255416
2945,Zhuoying,CHEN,"N(mu=-0.689, sigma=0.719)",0.7187589416630661,-0.6891113907673707
1763,Audrey,MILLER,"N(mu=-0.695, sigma=1.047)",1.0466141419587673,-0.6947722363365638
6147,Kaori,EGUCHI,"N(mu=-0.695, sigma=0.639)",0.6390352547859781,-0.6951803943220299
2367,Junko,KITAWAKI,"N(mu=-0.707, sigma=1.061)",1.060803080399755,-0.7072370104259562
3633,"Mingxin, Judith",SIM,"N(mu=-0.711, sigma=0.538)",0.5380865110903436,-0.7110976899388787
4224,Regina,SALAZAR PUGA,"N(mu=-0.720, sigma=1.008)",1.007906933657086,-0.7203410456736761
6157,Linda,GUNDOVA,"N(mu=-0.726, sigma=1.040)",1.039934332670591,-0.7259785099830102
2564,Jordyn,DAMASCO,"N(mu=-0.731, sigma=1.025)",1.0248640011109624,-0.7307810432715688
3488,Solmaz,ESHGHI,"N(mu=-0.734, sigma=1.059)",1.0588750337620834,-0.7339087244220245
1404,Karina,BILKOVA,"N(mu=-0.758, sigma=0.390)",0.38993163658582225,-0.7580404122773508
11989,Lianet,CASTILLO,"N(mu=-0.763, sigma=0.721)",0.7214013319309902,-0.7626399650544128
1363,Dominika,DUPALOVA,"N(mu=-0.770, sigma=0.519)",0.5193930503771049,-0.7703637218494137
363,Lucie,WATILLON,"N(mu=-0.776, sigma=0.466)",0.4659522304516177,-0.7762535526322358
3928,Pratthana,RAKSACHAT,"N(mu=-0.785, sigma=0.753)",0.753073016323362,-0.7854931348145575
12563,Kseniia,ZAKHAROVA,"N(mu=-0.786, sigma=1.020)",1.020353256312153,-0.7861033038470622
12221,Jil,COUTURE,"N(mu=-0.790, sigma=1.008)",1.008192976222971,-0.7903758388558171
2172,Nóra,KIRÁLY,"N(mu=-0.791, sigma=0.317)",0.31692903763805524,-0.791455064503452
6248,Kelly,DRAGER,"N(mu=-0.792, sigma=0.739)",0.7393682718265254,-0.7922500063157365
1694,Emi,TAKASHIBA,"N(mu=-0.794, sigma=1.034)",1.0342882885267877,-0.7943765390836032
1050,Candice,BAGLEY,"N(mu=-0.803, sigma=1.026)",1.0261194199214454,-0.8025782966507166
4771,Egle,KIRDULYTE,"N(mu=-0.812, sigma=0.622)",0.6215563785430183,-0.8124921771063562
2847,Klaudia,BUCZEK,"N(mu=-0.827, sigma=0.609)",0.6090358326624721,-0.8267704586757487
2946,Zhuoma,PUBU,"N(mu=-0.833, sigma=0.442)",0.4416612617062219,-0.8328105876546171
3273,Virgita,NADYA PUTRI,"N(mu=-0.844, sigma=0.521)",0.5205211315564519,-0.843754901149953
7417,Charlotte,PETERSEN,"N(mu=-0.845, sigma=1.053)",1.05319247288415,-0.8448764188735836
3592,Julia,MEIJER,"N(mu=-0.851, sigma=0.590)",0.5904892530579224,-0.8506406632772836
346,Marie,COLOT,"N(mu=-0.852, sigma=0.720)",0.7204837648538175,-0.8517318013081332
828,Rut,MONSECH GASCA,"N(mu=-0.866, sigma=0.594)",0.5936551434009641,-0.8659718234944834
1377,Eliska,VLCKOVA,"N(mu=-0.883, sigma=0.597)",0.5967672367390235,-0.883484893631169
4992,Yuko,SAKAKIBARA,"N(mu=-0.884, sigma=1.179)",1.1791545060950637,-0.88423311651033
2765,Mária,ČELKOVÁ,"N(mu=-0.903, sigma=0.292)",0.29240680071455033,-0.9025998202117206
779,Itziar,ZABALA ZURINAGA,"N(mu=-0.911, sigma=0.370)",0.37009662809396865,-0.910989244292778
3202,Nadja,PFISTER,"N(mu=-0.913, sigma=0.533)",0.5327237084876398,-0.9132076858675249
3775,Lena,HERRMANN,"N(mu=-0.914, sigma=0.758)",0.7581563991959199,-0.914231064750968
4998,Hyojung,KIM,"N(mu=-0.919, sigma=0.795)",0.7946115775060612,-0.9192278908974141
1577,Rebecca,FRANGOS,"N(mu=-0.921, sigma=0.268)",0.2683845230649682,-0.9209429988907113
12352,Lujza,MICHALKOVÁ,"N(mu=-0.926, sigma=1.018)",1.0184413751552917,-0.9258644671180878
6249,Marieta,AKALSKI,"N(mu=-0.932, sigma=0.481)",0.4812899008941021,-0.9319777884133942
3525,Rahil,RAMEZANI,"N(mu=-0.934, sigma=0.519)",0.519349332918707,-0.9335452927766948
5725,Gurgel,OZVER,"N(mu=-0.951, sigma=0.636)",0.6363020898542717,-0.9511990360881737
3444,Kseniya,KOPUSAVA,"N(mu=-0.953, sigma=1.013)",1.0126732695996186,-0.953236424944542
2465,Salome,MESHVELIANI,"N(mu=-0.953, sigma=1.073)",1.0729648200764506,-0.9534680858625975
3925,Puntarika,TUNYAVANICH,"N(mu=-0.962, sigma=0.327)",0.3274830716127622,-0.9623003458195242
6188,Claudia,MALDONADO,"N(mu=-0.970, sigma=1.091)",1.090703988670457,-0.9695636283150435
1412,Eliska,NOVOTNA,"N(mu=-0.972, sigma=1.003)",1.003167322726399,-0.9716388467188608
4932,Malgorzata,RUDZINSKA,"N(mu=-0.983, sigma=0.531)",0.5313168022420361,-0.9832265761619404
7869,Roosa,HUHTIKORPI,"N(mu=-0.984, sigma=1.010)",1.0102207592313268,-0.9835890943699966
1808,Maddy,MORRIS,"N(mu=-0.989, sigma=0.763)",0.7629972866903454,-0.9885243409893332
4373,Anastasija,TERIOCHINA,"N(mu=-1.005, sigma=0.391)",0.39131365597161166,-1.0050941869978383
6058,Heather,SAWITSKY,"N(mu=-1.027, sigma=1.090)",1.0900694552393972,-1.027483580947952
3272,Abdul Rochman,SYARIFAH,"N(mu=-1.039, sigma=1.105)",1.1046576312966838,-1.0386717596778936
1689,Beatrix,EVANS,"N(mu=-1.042, sigma=0.618)",0.6176591320196708,-1.0421419060855575
6170,Iyma,LAMARCHE,"N(mu=-1.054, sigma=1.068)",1.068240707305439,-1.0536338483289722
14742,Emilia,DAVILA,"N(mu=-1.063, sigma=1.009)",1.0091696248572075,-1.062505774298811
13412,Miriam,DIEZ LUENGO,"N(mu=-1.063, sigma=0.727)",0.7273983005560912,-1.0629517473005567
4368,Milda,KOREIVAITE,"N(mu=-1.065, sigma=1.017)",1.017027691685457,-1.0648577399822154
2940,Wangmu,RENZENG,"N(mu=-1.065, sigma=0.522)",0.5224538084578895,-1.0653592705829884
4921,Helena,ALEMAN SOBRINO,"N(mu=-1.070, sigma=1.100)",1.0996419170059255,-1.069880208693934
6382,Kumari,BARRY,"N(mu=-1.071, sigma=1.031)",1.0306422026364905,-1.0705679894639173
3142,Camila,MACEDO,"N(mu=-1.076, sigma=0.720)",0.7196335078944862,-1.0760196290082822
5774,Cassandra,ZAMPAR,"N(mu=-1.082, sigma=1.056)",1.0562453329463848,-1.0820935470801571
3880,Zoé,EGLI,"N(mu=-1.082, sigma=0.594)",0.5937190489460007,-1.08232193828301
5752,Marie,DUVAL,"N(mu=-1.092, sigma=0.572)",0.572154154337807,-1.0924566341375734
323,Elfe,CLAES,"N(mu=-1.094, sigma=0.605)",0.6045384448981258,-1.0936745632391478
5888,Portia,MENLOVE,"N(mu=-1.111, sigma=0.774)",0.7735713295862517,-1.111360917941335
6069,Hiroyo,SUMURA,"N(mu=-1.117, sigma=1.073)",1.0730654503379349,-1.1166664927969905
4190,Ayleen,GUARÉ,"N(mu=-1.124, sigma=1.070)",1.0696349430814989,-1.1236279360260022
2666,Katrin,AMANN,"N(mu=-1.124, sigma=0.347)",0.34660928910813604,-1.1242084044888292
12688,Eni,MALENICA,"N(mu=-1.126, sigma=1.011)",1.0107810904071088,-1.1256008179779877
3204,Anja,KÖHLER ,"N(mu=-1.145, sigma=0.465)",0.4648846529531679,-1.145384553270061
3977,Emilie,GERHARDT,"N(mu=-1.157, sigma=0.734)",0.7337817901105746,-1.1572561054417168
5886,Nicola,HESSELS,"N(mu=-1.162, sigma=1.075)",1.0754510737447356,-1.1618089558693934
71,Galina,TERENTEVA,"N(mu=-1.173, sigma=1.134)",1.1342127384693448,-1.1731850591120934
6418,Inga,PATARCIC,"N(mu=-1.177, sigma=1.019)",1.0187379822818146,-1.177204409552617
2878,Aleksandra,KALUCKA,"N(mu=-1.193, sigma=0.394)",0.3939938261728514,-1.1925530336242003
2494,Claire,KASSAY,"N(mu=-1.193, sigma=0.304)",0.3044831288691718,-1.193390340955401
2669,Stella,PLANTIN,"N(mu=-1.195, sigma=0.429)",0.42927802570919193,-1.1954892852726406
5655,Tamara,ZULIM,"N(mu=-1.197, sigma=1.037)",1.0366819227922792,-1.1969866233542288
4689,Hiu Ying,LIU,"N(mu=-1.199, sigma=1.064)",1.0641942179315458,-1.199180394162017
1639,Emilie,PELLERIN,"N(mu=-1.204, sigma=0.818)",0.8178298892379656,-1.203571324248721
12902,Mariana,HANGGI CORREIA,"N(mu=-1.204, sigma=1.049)",1.0486097978659905,-1.2037544243883604
3139,Thais Makino,SHIRAIWA,"N(mu=-1.207, sigma=0.375)",0.3752368963946524,-1.2074213425641351
6397,Ashley,EDENS,"N(mu=-1.213, sigma=1.043)",1.0429666971299805,-1.2133315525968127
522,Lucile,SAUREL,"N(mu=-1.216, sigma=1.016)",1.0161508955638854,-1.2158494644571007
3099,Edel,LEMVIK,"N(mu=-1.217, sigma=1.012)",1.0124387473900895,-1.2173971022749441
6007,Jesse,YOUNGWERTH,"N(mu=-1.234, sigma=0.791)",0.7905673922247867,-1.2343906847744146
3510,Athena,BIGVAND,"N(mu=-1.236, sigma=0.611)",0.6105830976894695,-1.2364338881203492
1726,Audrey,SNIEZEK,"N(mu=-1.242, sigma=0.860)",0.8603560994010805,-1.2424531986422829
1957,Anna,KELLY,"N(mu=-1.255, sigma=1.067)",1.0669729026585975,-1.254806711254085
5963,Mai,TONEGI,"N(mu=-1.255, sigma=1.200)",1.2002248113508651,-1.2554781604340735
4770,Claudia,BATTAGLIA,"N(mu=-1.263, sigma=0.641)",0.6407896666734129,-1.2632465176143641
6076,Yuki,MATSUSHIMA,"N(mu=-1.264, sigma=0.384)",0.3842555183437077,-1.263612141019428
3647,Tan,SHI HUI,"N(mu=-1.276, sigma=0.536)",0.5361591190751486,-1.2763532897033039
4121,Evdoxia-Aikaterini,KALLIA,"N(mu=-1.298, sigma=0.465)",0.4645971697344799,-1.2982105595402351
2270,Yuki,HIROSHIGE,"N(mu=-1.302, sigma=1.040)",1.0399390951308431,-1.3024760136860192
2879,Natalia,KALUCKA,"N(mu=-1.307, sigma=0.372)",0.3724311180311181,-1.306860719607536
6334,"Chi-Heng, Sharon",CHIU,"N(mu=-1.311, sigma=1.114)",1.1136820277235535,-1.3113034825355252
6059,Regan,KENNEDY,"N(mu=-1.317, sigma=1.103)",1.1028701206218945,-1.3169831439735895
4904,Helen,HALDENBY,"N(mu=-1.318, sigma=0.509)",0.5086591254369353,-1.317575590779074
11479,Regine,STORÅ,"N(mu=-1.319, sigma=0.355)",0.3546142233565092,-1.3189224301318445
5955,Marija,MILOSAVLJEVIC,"N(mu=-1.319, sigma=0.672)",0.6723662853494069,-1.319049907842872
12296,Arta,MATELSONE,"N(mu=-1.322, sigma=0.610)",0.6097663802997654,-1.3219477852395696
2725,Antonia Ioana,TRIFU,"N(mu=-1.354, sigma=0.611)",0.6110653686737976,-1.3535938346357337
5781,Olga,MEDVEDIEVA,"N(mu=-1.363, sigma=1.041)",1.0413806139692683,-1.3629873799238128
3926,Watchareewan,TOMAS,"N(mu=-1.369, sigma=0.635)",0.635300283501734,-1.3687070596196576
1526,Nika,POTAPOVA,"N(mu=-1.369, sigma=0.399)",0.39864254287716533,-1.368839627030467
1447,Tereza,SIRUCKOVA,"N(mu=-1.377, sigma=0.745)",0.7445015510335901,-1.377352897783367
13721,Alexandra,KATERI,"N(mu=-1.382, sigma=0.730)",0.7304908951956018,-1.3819629570703167
2321,Erina,MIURA,"N(mu=-1.385, sigma=0.631)",0.6310715657924179,-1.3851064691568888
3178,Lucelia,BLANCO,"N(mu=-1.388, sigma=0.881)",0.880606687730873,-1.3876623038518845
2842,Monika,PROKOPIUK-KAWECKA,"N(mu=-1.398, sigma=1.030)",1.0301478957518526,-1.3975578903642005
3509,Nasim,BIYARJOMANDY,"N(mu=-1.403, sigma=0.475)",0.4748700114051999,-1.4027695099430402
3646,Goh Hui Chen,JANET,"N(mu=-1.403, sigma=0.763)",0.7632229188088488,-1.4032776670601845
703,Imogen,HORROCKS,"N(mu=-1.404, sigma=0.544)",0.5437495131615113,-1.4044135105770374
3374,Margarita,AGAMBAYEVA,"N(mu=-1.407, sigma=0.396)",0.3959230753652965,-1.406682877749788
14483,Svana,BJARNASON,"N(mu=-1.416, sigma=0.600)",0.5999883722069319,-1.4160758682567591
2818,Sanja-Riia,COLLIN,"N(mu=-1.419, sigma=0.602)",0.6016436376397454,-1.4192876287322307
5978,Dalia,HAMDY,"N(mu=-1.427, sigma=1.105)",1.1045511096298324,-1.4269607925824328
6172,Erica,CARLSON,"N(mu=-1.428, sigma=0.459)",0.4591242588702712,-1.428225820014685
5982,Boróka,SZÉLL,"N(mu=-1.433, sigma=1.076)",1.0758222390138923,-1.4330379539392823
6235,Eilleen,JUBES ANGARITA,"N(mu=-1.439, sigma=0.819)",0.819107634390914,-1.438825269760243
5933,Natalia, KOROLEVA,"N(mu=-1.446, sigma=1.149)",1.149428391995366,-1.4456918195567372
5977,Andrea,ČEPCOVÁ,"N(mu=-1.447, sigma=0.666)",0.6656318520830125,-1.4465028843987848
4369,Agniete,BALTRUNE,"N(mu=-1.447, sigma=0.394)",0.3939700818713776,-1.4467770324819094
1599,Olivia,WYETT,"N(mu=-1.447, sigma=0.741)",0.7413724279465637,-1.4470141812677575
8846,Kathrine Elsig,JENSEN,"N(mu=-1.465, sigma=0.766)",0.7662551807139392,-1.465070122750962
640,Rhoslyn,FRUGTNIET,"N(mu=-1.480, sigma=1.012)",1.0121325533310759,-1.4796349123322925
3900,Muykuay,SILVA,"N(mu=-1.483, sigma=0.397)",0.39703122728450174,-1.483276566546233
6331,Karla,FERNANDEZ ESPONDA,"N(mu=-1.499, sigma=1.077)",1.0765588919151061,-1.499010369535472
5932,Marta,SAVKINA,"N(mu=-1.500, sigma=0.858)",0.858253406298469,-1.5004758357567547
5887,Clarrie,LAM,"N(mu=-1.509, sigma=0.423)",0.4234324746893687,-1.50903107588528
6383,Su En,NEO,"N(mu=-1.521, sigma=1.041)",1.0406647883777753,-1.5206043023029783
13815,Natalie,GOH SIHUI,"N(mu=-1.522, sigma=1.041)",1.040502427424077,-1.5220051169977749
2908,Bianka,JANECKA,"N(mu=-1.525, sigma=0.529)",0.5287219557794424,-1.5249553158246463
2183,Panka,FARKAS,"N(mu=-1.530, sigma=1.017)",1.0166544795335397,-1.5295663787521736
12859,Ema,GALEOVA,"N(mu=-1.536, sigma=0.731)",0.7306733655480364,-1.535516329567789
1493,Alla,MARENYCH,"N(mu=-1.540, sigma=0.605)",0.60492577661505,-1.5396682484647282
3981,Amour,PAZ,"N(mu=-1.541, sigma=0.604)",0.6044687165131802,-1.5406004005258493
5782,Aliya,ISKAKOVA,"N(mu=-1.545, sigma=0.810)",0.8102543313094047,-1.5451228587376948
3832,Liana Nicole,MORA,"N(mu=-1.552, sigma=1.043)",1.0432041529847884,-1.5519566456957425
3790,Olga,FEDYUK,"N(mu=-1.563, sigma=0.727)",0.726949620914868,-1.5631254180642333
6234,Cindy,SARARAK,"N(mu=-1.568, sigma=1.122)",1.1222364304027177,-1.5681889888762206
4221,Valeria,MACIAS FERREIRA,"N(mu=-1.574, sigma=0.734)",0.7338731042620189,-1.5739603397118145
8577,Johanna,SÖRBOM,"N(mu=-1.575, sigma=1.017)",1.016707281500614,-1.5750481621783043
13762,Tuuli,LAPPALAINEN,"N(mu=-1.580, sigma=1.015)",1.0148774838322745,-1.5795584598089631
6171,Mariana,MENDOZA CASTILLO,"N(mu=-1.580, sigma=1.089)",1.088699247866223,-1.5802383777772226
3437,Aliaksandra,MISIUKEVICH,"N(mu=-1.582, sigma=0.462)",0.4624952967047863,-1.5815743067675287
4160,Alise,ZVIGULE,"N(mu=-1.596, sigma=0.399)",0.3985645925722395,-1.5958857941770463
11459,Anna,DAVEY,"N(mu=-1.599, sigma=0.518)",0.5181975989866489,-1.5985671047903547
1596,Samantha,LI,"N(mu=-1.601, sigma=0.526)",0.5259559151700537,-1.6006273105786621
4893,Roelien,VAN DE VRIE,"N(mu=-1.610, sigma=0.683)",0.6833535252085479,-1.6102039378794
3439,Daria,TITKINA,"N(mu=-1.613, sigma=1.021)",1.0212173467415109,-1.6132549081888794
11517,Grace,CROWLEY,"N(mu=-1.614, sigma=0.534)",0.5342955514525151,-1.6142951824189782
2841,Olga,NIEMIEC,"N(mu=-1.619, sigma=1.047)",1.046993779765663,-1.618625025314444
5831,Natalia,KUBRAKOVA ,"N(mu=-1.632, sigma=1.216)",1.2159857586563936,-1.6318844622808577
3091,Emma Stöver,WOLLEBAEK,"N(mu=-1.633, sigma=1.047)",1.0465545955905333,-1.6330845434920156
2651,Prateeksha,ARUN,"N(mu=-1.635, sigma=0.471)",0.4711234193160595,-1.6353675194969581
6070,Melissa,GODOWSKI,"N(mu=-1.644, sigma=1.094)",1.0936115824630521,-1.6435282010296814
2488,Lucinda Ann,TURNBULL,"N(mu=-1.649, sigma=0.335)",0.3345720218045183,-1.648983845973742
14556,Zoe,BITTERS,"N(mu=-1.651, sigma=1.059)",1.0591859107284296,-1.6506640006417197
4206,Arantza,LUNA VELASCO,"N(mu=-1.652, sigma=0.520)",0.5197830416817636,-1.651851514365925
3927,Pankaew,PLYPOOLSUP,"N(mu=-1.659, sigma=0.657)",0.6567774819588789,-1.6592902277510269
3137,Luana,RISCADO,"N(mu=-1.661, sigma=0.606)",0.6057179875832082,-1.660735879180299
11998,Zoe,GARCIA MOLINA,"N(mu=-1.668, sigma=0.436)",0.4358528495752526,-1.667524615874674
2106,Heeyeon,PARK,"N(mu=-1.671, sigma=0.275)",0.2753668202213974,-1.6710266982833133
11526,Rachelle,DE CHARMOY,"N(mu=-1.684, sigma=0.726)",0.7264582560932457,-1.6840977287045173
4835,Taylor,CLARKIN,"N(mu=-1.708, sigma=1.189)",1.1894124010906462,-1.7079590242719453
4215,María Fernanda,GONZÁLEZ RÁMIREZ,"N(mu=-1.714, sigma=0.471)",0.47067977700303554,-1.713613670340172
5934,Anna,AGAPONOVA,"N(mu=-1.721, sigma=1.163)",1.1628170661484982,-1.7214239385266987
3164,Victoria,GIMENEZ,"N(mu=-1.728, sigma=1.020)",1.0195423826888772,-1.728412588329505
6311,Zahra,REZAEI,"N(mu=-1.728, sigma=1.093)",1.093160432973092,-1.728417866123533
4858,Larysa,MALYZHENKAVA,"N(mu=-1.730, sigma=0.852)",0.851659541579819,-1.7297646078817117
2796,Janka,MEYER,"N(mu=-1.750, sigma=0.736)",0.7357570570114739,-1.7504356998034214
3434,Volha,RAK,"N(mu=-1.754, sigma=0.601)",0.6007682207808653,-1.7536435209053762
11704,Jayati,GADAMSHETTY,"N(mu=-1.756, sigma=1.015)",1.0149223184577936,-1.7562957542492321
6399,Leanna,LOCKHART,"N(mu=-1.756, sigma=1.054)",1.0542701729554502,-1.7564476491767629
3290,Nurul,IQAMAH,"N(mu=-1.760, sigma=0.518)",0.5176424093636425,-1.7598883536704977
13403,Maya,KLAUNZER,"N(mu=-1.766, sigma=1.028)",1.0278929301215194,-1.7655371306019048
11420,Ignacia,MELLADO QUINTEROS,"N(mu=-1.769, sigma=0.401)",0.4008214263945973,-1.7692658147215115
2706,Sandra,JONSSON,"N(mu=-1.773, sigma=1.017)",1.0166593055874396,-1.7731120274302263
4159,Cirvele,KATRĪNA,"N(mu=-1.777, sigma=0.465)",0.46549410628082755,-1.7767888052569087
2623,Chea,MARAK,"N(mu=-1.780, sigma=1.107)",1.106859525849282,-1.7800037500095105
3729,Erica,GATLAND,"N(mu=-1.791, sigma=1.010)",1.010378928336816,-1.7911067213056673
4180,Panchamaya,TAMANG,"N(mu=-1.800, sigma=0.782)",0.7817945093787797,-1.8003255366152575
13971,Martina,CASTRO,"N(mu=-1.801, sigma=0.742)",0.7417948761026286,-1.8011831639472933
4837,Holly,REID,"N(mu=-1.804, sigma=0.406)",0.4057598580860621,-1.8044874689861528
805,Ana Belén,ARGUDO MARUGAN,"N(mu=-1.813, sigma=0.754)",0.7540329883929736,-1.8129865916631291
6272,Mona,KELLNER,"N(mu=-1.815, sigma=0.837)",0.8367135707487958,-1.814836438785831
7445,Catalina,ACHURY,"N(mu=-1.815, sigma=1.035)",1.0353395843582853,-1.8154362287444088
2420,Petya,GARBOVA,"N(mu=-1.817, sigma=0.544)",0.5443345060046992,-1.816817787806978
1956,Gabby,LAMPNER,"N(mu=-1.835, sigma=1.096)",1.0964948460271435,-1.8349844965460205
2957,Yuzhen,BAIMA,"N(mu=-1.839, sigma=0.471)",0.47131609563198756,-1.8391706621863926
3209,Andrea,ROJAS,"N(mu=-1.841, sigma=0.380)",0.3803080754190736,-1.84144285691299
12802,Nikoline,ÖHRSTRÖM,"N(mu=-1.842, sigma=1.020)",1.0204956476793594,-1.8424840069455959
3565,Farzaneh,SHAHRAVI,"N(mu=-1.846, sigma=1.062)",1.0620709075945363,-1.8461002039697478
4227,Arantza,FERNÁNDEZ GUTIERREZ,"N(mu=-1.848, sigma=0.523)",0.5233183491654191,-1.8476436952044524
11451,Salsabila,SALSABILA,"N(mu=-1.880, sigma=0.528)",0.5280818731205987,-1.8800754819388366
3658,Debbie Zi Jing,TAN ,"N(mu=-1.893, sigma=1.060)",1.0602882057899963,-1.8932227334212461
11779,Phoebe,KENDERDINE,"N(mu=-1.895, sigma=0.739)",0.73928376286202,-1.8952352747541015
2731,Ana-Maria,ZAHARIA ,"N(mu=-1.896, sigma=0.531)",0.5311276720375997,-1.8964605421345633
6085,Teresa,TROYA GIL,"N(mu=-1.897, sigma=0.458)",0.4576133693068798,-1.897236622474491
2141,Hsiu-Ju,LIN,"N(mu=-1.911, sigma=0.520)",0.5202095513430631,-1.910868708527615
6071,Mélissa,LACASSE,"N(mu=-1.942, sigma=1.103)",1.1025756414650163,-1.9424131466621206
6089,Katharina,BACHER,"N(mu=-1.943, sigma=1.258)",1.2575762197760525,-1.9430803212825702
11424,Noelia,VENET GALLEGOS,"N(mu=-1.946, sigma=1.075)",1.0752383462993402,-1.946063670632349
13902,Iris,HEIKKINEN,"N(mu=-1.948, sigma=0.755)",0.7547169833515988,-1.9476759669265111
13237,Lauren,MUKHEIBIR,"N(mu=-1.957, sigma=1.050)",1.0504277831017197,-1.9573150452797958
5521,Sarah,MATTHEWS,"N(mu=-1.973, sigma=1.103)",1.1031526710613766,-1.9730309746402959
4817,Radka,PETKOVA,"N(mu=-1.983, sigma=0.737)",0.7365777411362466,-1.9829768578901217
1651,Riley,GALLOWAY,"N(mu=-1.988, sigma=1.033)",1.0331435242972937,-1.9876812555171255
2053,Haimi,CHO,"N(mu=-1.989, sigma=1.151)",1.1508575091991207,-1.9891939417306994
3364,Assel,MARLENOVA,"N(mu=-1.990, sigma=0.520)",0.5202441833601538,-1.9902800505182494
5935,Alena,ANDREEVA,"N(mu=-2.001, sigma=1.174)",1.1744486407068582,-2.0010177554788817
3152,Patrícia,ANTUNES,"N(mu=-2.005, sigma=0.599)",0.5994034355601752,-2.0054453033965376
3946,Narada,DISYABUT,"N(mu=-2.014, sigma=1.064)",1.0642920128688926,-2.0141424161656394
5964,Yayoi,OGAWA,"N(mu=-2.015, sigma=1.226)",1.226450431109681,-2.0149481975939056
8565,Myrto,PETALIDOU,"N(mu=-2.023, sigma=1.031)",1.031032734999925,-2.0231224929512424
7434,Marcela,AVELLANEDA,"N(mu=-2.070, sigma=1.085)",1.0851669665115733,-2.0697799234020486
7422,Annie A,CÓRDOVA A,"N(mu=-2.076, sigma=1.065)",1.0652546621827164,-2.076428858773567
2049,Jihyeon,JEONG,"N(mu=-2.077, sigma=0.768)",0.7677983389077854,-2.077096235156407
5854,Sara,AICART ORTIZ,"N(mu=-2.077, sigma=0.608)",0.6078963046699751,-2.0774866495895266
13220,Melissa Esther,CHEN CHEN,"N(mu=-2.078, sigma=1.022)",1.0215882692859508,-2.0781981626517085
2665,Sara,ENGQVIST,"N(mu=-2.083, sigma=1.021)",1.0214039597142968,-2.083377602459828
2341,Satomi,TACHIBANA,"N(mu=-2.083, sigma=1.118)",1.1184421386526442,-2.0834442059771834
1366,Daniela,KOTRBOVA,"N(mu=-2.090, sigma=0.380)",0.38030681462042715,-2.089689950776833
13510,Emily,SCOTT,"N(mu=-2.090, sigma=0.754)",0.7540209605133567,-2.090251863610115
1623,Lia,WIECKOWSKI,"N(mu=-2.095, sigma=0.778)",0.7780088583165905,-2.0945533423450406
11455,Elena,VERETENNIKOVA,"N(mu=-2.098, sigma=1.024)",1.0243756724662836,-2.0983262035576993
2490,Roxy,PERRY,"N(mu=-2.102, sigma=0.555)",0.554558718976592,-2.1019194955828575
3098,Sunniva,ØVRE-EIDE,"N(mu=-2.106, sigma=0.620)",0.6203904485986131,-2.1060653297187377
7446,Enache,CATRINEL,"N(mu=-2.109, sigma=1.042)",1.0416568859330801,-2.1087480902308813
3766,Sarah,HAY,"N(mu=-2.118, sigma=1.068)",1.0682314483950928,-2.1182025098817654
1527,Kseniia,MELNYKOVA,"N(mu=-2.128, sigma=0.836)",0.8360587405787163,-2.1277110726969233
3788,Patricia,MEDINA,"N(mu=-2.128, sigma=1.026)",1.0257326329919827,-2.1281709128032036
6233,Ruta,KERSHIULYTE,"N(mu=-2.132, sigma=0.805)",0.8049718586772785,-2.131597169494864
6314,Ebru,DILLI,"N(mu=-2.135, sigma=0.775)",0.7751127206626521,-2.134827425590572
5855,Raelene,COWIE,"N(mu=-2.141, sigma=0.552)",0.5519665042105999,-2.1405552649457933
6326,Or,COHEN,"N(mu=-2.150, sigma=0.552)",0.5523456970759216,-2.1496616233070367
1569,Alison,STEWART-PATTERSON,"N(mu=-2.154, sigma=0.543)",0.5432731719096929,-2.1539228307646057
11541,Adela,BAJEROVA,"N(mu=-2.187, sigma=0.653)",0.6532990367644572,-2.187167614844663
6060,Maria,CELKOVA,"N(mu=-2.191, sigma=0.715)",0.7148268536971573,-2.190773202358315
4080,Begüm,KAZAZİ,"N(mu=-2.197, sigma=1.023)",1.0230335216565767,-2.196981183553614
2082,Nawoo,CHOI,"N(mu=-2.197, sigma=1.111)",1.1109783178136778,-2.197184503281953
3180,Leslie,ROMERO,"N(mu=-2.198, sigma=1.015)",1.0148554895718584,-2.1980372613693793
2848,Aleksandra,MIROSLAW,"N(mu=-2.224, sigma=0.481)",0.48065666229803733,-2.224106574704747
4153,Lotina,DIANA,"N(mu=-2.240, sigma=0.732)",0.7319100501481414,-2.2404891332156485
2227,Wai-Ping,YU,"N(mu=-2.246, sigma=0.404)",0.4037038339040239,-2.246263764972431
1093,Saskia,THOMAS,"N(mu=-2.247, sigma=1.028)",1.0279461660199067,-2.247031479574898
4090,Gülay,BALIK,"N(mu=-2.262, sigma=1.041)",1.0408278539857057,-2.26170173574711
2469,Nitsa,TVAURI ,"N(mu=-2.263, sigma=1.016)",1.0157061111496186,-2.2626934938235217
11614,Bianca,DE MAGALHAES DE CASTRO,"N(mu=-2.280, sigma=0.479)",0.47901194957145843,-2.2798969237688524
5936,Anastasiya,MYROLYUBOVA,"N(mu=-2.285, sigma=1.184)",1.1843380864198063,-2.285167683874837
6419,Maria Del Carmen,MARTINEZ ,"N(mu=-2.292, sigma=1.040)",1.0402654523759425,-2.29153288031875
4836,Amy,LIPSCHULTZ,"N(mu=-2.295, sigma=1.234)",1.233552002174004,-2.2949487903450896
3731,Lucy,WHITEHEAD,"N(mu=-2.328, sigma=1.017)",1.0165097348616252,-2.3276200958226214
2229,Tseng-Shun,WONG,"N(mu=-2.332, sigma=0.476)",0.47639587455618243,-2.3315574318750762
2322,Asami,HARADA,"N(mu=-2.341, sigma=1.217)",1.2170752158907496,-2.3414602350108416
1615,Justine,MCCARNEY,"N(mu=-2.346, sigma=1.073)",1.0734978493099543,-2.3461883055521087
7433,Barbara,GILIC,"N(mu=-2.369, sigma=1.102)",1.1015380443181604,-2.368517101072461
6312,Maryam,ALIKHANI,"N(mu=-2.370, sigma=1.122)",1.1215055220853338,-2.3702692433394335
2235,Wai-Mui,LING,"N(mu=-2.387, sigma=0.614)",0.6139766967633906,-2.3868038538747283
2114,Youjin,CHA,"N(mu=-2.393, sigma=1.017)",1.017265713956313,-2.392826901286454
1517,Tetiana,KOLKOTINA,"N(mu=-2.402, sigma=1.045)",1.04456194608593,-2.4019579861591276
4375,Rugile,TAMOSIUNAITE,"N(mu=-2.420, sigma=0.747)",0.7471160247801109,-2.41992616039572
13974,Matilde,CABEZAS,"N(mu=-2.422, sigma=1.029)",1.0288663108297649,-2.422446532988138
6398,Sofia,HEINZE CACHO,"N(mu=-2.432, sigma=0.587)",0.5865176213780559,-2.431821463970299
12484,Elizabeth,SEPULVEDA,"N(mu=-2.432, sigma=0.292)",0.29166598858259374,-2.4322754212511377
5769,Anamaria,BOGACIU,"N(mu=-2.441, sigma=1.154)",1.1539092266043756,-2.4406822967987294
1818,Sarah,PEARCE,"N(mu=-2.462, sigma=0.712)",0.7122383263149505,-2.4620933550292556
7415,Anastassiya,BRYAKINA,"N(mu=-2.490, sigma=0.853)",0.8531162211062879,-2.4902242394491245
2625,Siddhi Shekhar,MANERIKAR ,"N(mu=-2.522, sigma=0.634)",0.634493888581371,-2.522147212900008
12871,Nur,KHALISHAH,"N(mu=-2.533, sigma=1.131)",1.1307222331513043,-2.533152301973601
6358,Margarita,MARSANOVA,"N(mu=-2.535, sigma=1.051)",1.0510119862895952,-2.534535874850536
3918,Alejandra,INZUNZA,"N(mu=-2.543, sigma=1.019)",1.019448414760126,-2.542847754688092
1536,Yelyzaveta,LAVRYKOVA,"N(mu=-2.553, sigma=1.103)",1.1032891970683232,-2.5532792505620394
5937,Elena,DMITRYEVA         ,"N(mu=-2.575, sigma=1.192)",1.1924406640815577,-2.5746393603095896
1543,Yevheniia,CHERNIAVSKA,"N(mu=-2.590, sigma=0.552)",0.5518976430831781,-2.5899463887645746
6384,Catherine,BRUNEL-GUITTON,"N(mu=-2.594, sigma=1.100)",1.0998993516142381,-2.5944395343255247
2672,Tove,WÅHLIN,"N(mu=-2.601, sigma=0.651)",0.6506492058173952,-2.6007581322438336
3133,Janine,CARDOSO,"N(mu=-2.619, sigma=1.101)",1.1005479281569333,-2.6194251765850045
3479,Bahareh,BADRABADI,"N(mu=-2.621, sigma=1.038)",1.038368292127989,-2.6209103395262106
1605,Kristina,JELLEMA,"N(mu=-2.648, sigma=0.777)",0.7773251681656402,-2.6483293104125534
11824,Mia,WEEDA,"N(mu=-2.659, sigma=0.760)",0.759744113338354,-2.6587433023755658
3464,Farnaz,ESMAEILZADEH,"N(mu=-2.664, sigma=0.851)",0.8513442502072747,-2.6635957494763565
14013,Silvana Lourdes,LEYTON MATTO,"N(mu=-2.669, sigma=1.034)",1.0342801912625803,-2.6686653641771905
5767,Mila,GORDEEVA,"N(mu=-2.673, sigma=1.113)",1.1127127836653636,-2.673233858318514
11616,Jennifer Marie,DE LA TORRE ,"N(mu=-2.678, sigma=0.765)",0.7648290611903664,-2.6777995203149225
6400,Sue,BRUMM,"N(mu=-2.680, sigma=0.837)",0.8366347981215378,-2.680450507131338
11523,Shifra,BEN AVRAHAM,"N(mu=-2.698, sigma=1.056)",1.0563251275204337,-2.698472641360084
3454,Maryia,VERNIKOUSKAYA,"N(mu=-2.700, sigma=1.053)",1.0530537474586488,-2.699848071309699
6313,Anna,DULARIDZE,"N(mu=-2.712, sigma=1.135)",1.135239077676881,-2.7116314251661797
12906,Doriane,SARAMANDIF,"N(mu=-2.725, sigma=0.654)",0.6536480778291922,-2.7251955270688826
3921,Antonia,VALENZUELA,"N(mu=-2.726, sigma=1.023)",1.0229321780532217,-2.7256616795469863
4135,Danai,VALSAMIDI,"N(mu=-2.768, sigma=1.041)",1.0407664016306182,-2.7681446351342878
5856,Cosima,WILLI,"N(mu=-2.787, sigma=0.914)",0.9139165402411604,-2.7869291945837595
4005,Yael,BAHARAD,"N(mu=-2.789, sigma=1.184)",1.1837585982968895,-2.789231940727117
4072,Lara,ÖZAK,"N(mu=-2.791, sigma=0.610)",0.6103964462569711,-2.7913249169429766
2526,Leah,JEFFRIES,"N(mu=-2.804, sigma=0.744)",0.7435123070835915,-2.8042599484174895
2783,Katarína,PIVOŇKOVÁ,"N(mu=-2.815, sigma=1.043)",1.0427030290357022,-2.8149052277444984
110,Iuliia,KAPLINA,"N(mu=-2.853, sigma=0.769)",0.7687278036991638,-2.852893514067829
2857,Patrycja,CHUDZIAK,"N(mu=-2.856, sigma=0.384)",0.38387786906745947,-2.8558443385554475
7447,Flor De Luna,PAZAN,"N(mu=-2.859, sigma=1.061)",1.0612385474285255,-2.858573482605931
3378,Alexandra,ZHIZNEVSKAYA,"N(mu=-2.860, sigma=0.899)",0.8988439201911964,-2.8598694689849524
12901,Laura,FARHAT DE ARAUJO FRAGA TIMO,"N(mu=-2.860, sigma=1.086)",1.085834196892915,-2.8601447952309376
13780,Ariane,JANATA-BURNS,"N(mu=-2.875, sigma=0.743)",0.7433861627079397,-2.874665987439785
13559,Jihyeon,LIM,"N(mu=-2.877, sigma=1.144)",1.1442624901381233,-2.877248677587652
3469,Sima,SOLTANI,"N(mu=-2.882, sigma=0.857)",0.8569303167052011,-2.8820208432522554
13845,Rattankorn,SUTHAPHAISANWITHAYA,"N(mu=-2.916, sigma=1.040)",1.0404551064699104,-2.915620668261235
14677,Grecia Daniela,HERNANDEZ GUERRERO,"N(mu=-2.936, sigma=0.782)",0.7822234134908103,-2.936444299970819
2855,Anna,BROZEK,"N(mu=-2.978, sigma=0.399)",0.39866662331464114,-2.978373399132175
4162,Dombrovska,INTA,"N(mu=-2.980, sigma=0.762)",0.7619808022052827,-2.9797423019125717
12939,Sara,TRAJKOSKA,"N(mu=-3.029, sigma=0.620)",0.6203284341365832,-3.0293262366695983
2963,Peiyang,TIAN,"N(mu=-3.037, sigma=1.046)",1.0463137024413598,-3.037031245188596
11259,Fujiyanti,WIDIA,"N(mu=-3.044, sigma=1.044)",1.0438945209914754,-3.044108571247376
3912,Carmen,CONTRERAS,"N(mu=-3.069, sigma=1.070)",1.069526346795997,-3.0689376870895226
2722,Crina,OCHENATU,"N(mu=-3.078, sigma=0.766)",0.7662516859553803,-3.0777422108165684
4066,Buket,AKÇA,"N(mu=-3.079, sigma=0.810)",0.809813385635127,-3.0791887840653445
3759,Sarah,TETZLAFF,"N(mu=-3.086, sigma=0.511)",0.510791545591671,-3.0864304876222866
4057,Iroda,RAPIKOVA,"N(mu=-3.088, sigma=1.057)",1.0574033371105591,-3.0882705389971656
2652,Shivani,CHARAK,"N(mu=-3.100, sigma=1.137)",1.137354410999593,-3.1001202047467635
4077,Fatma,BASOGLU KABRAN,"N(mu=-3.105, sigma=0.663)",0.663156926336635,-3.105150541433011
836,Maja,JONJIC ARNAUTOVIC,"N(mu=-3.115, sigma=1.176)",1.1762083023399932,-3.1153936651051506
2499,Siobhan,DOBIE,"N(mu=-3.116, sigma=0.656)",0.6555000432326624,-3.115745753207725
2071,Seohyun,KIM,"N(mu=-3.122, sigma=1.323)",1.3228072897976662,-3.121869288385224
12308,Tegwen,OATES,"N(mu=-3.124, sigma=0.750)",0.7502890991160887,-3.1239051957754764
3482,Hadis,NAZARIROBATI,"N(mu=-3.126, sigma=1.061)",1.060810148550534,-3.1261278005877715
3785,Beatriz,COIMBRA,"N(mu=-3.130, sigma=0.629)",0.6288400383826266,-3.1304082557530903
2617,Smriti,SINGH,"N(mu=-3.172, sigma=1.170)",1.170378163865066,-3.1723280846748345
11372,Sukma,LINTANG CAHYANI,"N(mu=-3.174, sigma=1.047)",1.0470000153197774,-3.174032547794577
5865,Margaux,HILLY,"N(mu=-3.195, sigma=2.444)",2.4437508787238276,-3.195213281008973
11521,Lurdes,GADALA-MARIA,"N(mu=-3.209, sigma=1.090)",1.0900293396960559,-3.2094077398944876
4220,María Fernanda,HIDALGO AMEZQUITA,"N(mu=-3.231, sigma=0.567)",0.5671450731947388,-3.2309572196450933
4065,Sevda,GEYIK,"N(mu=-3.263, sigma=0.627)",0.627069081978993,-3.262823727180154
13105,Camila,FLORES,"N(mu=-3.284, sigma=1.080)",1.0800027941327666,-3.283797060634823
6385,Veronique,GOSSELIN,"N(mu=-3.287, sigma=1.162)",1.162084675812557,-3.286624650094303
6243,Mariana,FIERRO,"N(mu=-3.298, sigma=0.875)",0.8750819521976634,-3.2978049795161186
13072,Viktoriya,ADAMENKO,"N(mu=-3.305, sigma=1.050)",1.0497571977885298,-3.3054839975371695
3328,Choirul,UMI CAHYANING AYUB,"N(mu=-3.335, sigma=0.552)",0.5517468150062569,-3.3346906836938137
11805,Dasom,YUN,"N(mu=-3.337, sigma=0.856)",0.8564549176028782,-3.336542129189908
3438,Katsiaryna,PAHUDA,"N(mu=-3.344, sigma=1.072)",1.072343677165112,-3.3444987140626816
14644,Vinnith,IM,"N(mu=-3.369, sigma=0.827)",0.8271101956049268,-3.368538321805585
14637,Iris Pamela,DURON ANTONIO,"N(mu=-3.420, sigma=0.782)",0.7815278172145318,-3.4196631961026567
1817,Juliana,PRICE,"N(mu=-3.488, sigma=0.860)",0.8599085821492513,-3.487534410221445
4087,Duru Güneş,YALCIN,"N(mu=-3.503, sigma=1.089)",1.089083144774867,-3.5030120487399357
11519,Yasmin,HERRERA,"N(mu=-3.524, sigma=1.109)",1.109245773216762,-3.5237904862613703
4182,Swastika,CHAUDHARY,"N(mu=-3.548, sigma=1.176)",1.175799887815291,-3.548277171180382
2638,Nehaa,PRAKASH,"N(mu=-3.608, sigma=1.199)",1.1992124920257132,-3.6079720107593696
2213,Ka-Yan,WONG ,"N(mu=-3.627, sigma=1.084)",1.084396988007711,-3.626538933177109
2220,Hoi-Ying,TO,"N(mu=-3.635, sigma=0.907)",0.9069975764592113,-3.6350837836834247
6460,Adriana,MÁRQUEZ,"N(mu=-3.672, sigma=1.198)",1.1981198946654683,-3.6717427527984667
4997,Amanda,SPEED,"N(mu=-3.688, sigma=1.073)",1.0728064820543917,-3.688404812927078
2834,Edyta,ROPEK,"N(mu=-3.698, sigma=0.768)",0.7675145489710733,-3.6978092950890487
4435,Anna,KRAJUSHKINA,"N(mu=-3.771, sigma=0.676)",0.6755495110575916,-3.770687746651246
2221,Pui-Yim,LAU,"N(mu=-3.826, sigma=1.047)",1.047223783614157,-3.82590296204398
6162,Aysel,SULTANOVA,"N(mu=-3.838, sigma=0.762)",0.7623622461071718,-3.838229520210472
3337,Aries,SUSANTI RAHAYU,"N(mu=-3.886, sigma=0.583)",0.5833013496127945,-3.8857943829278008
361,Lisa,HARDIQUEST,"N(mu=-3.892, sigma=1.226)",1.2260771659815477,-3.8915020208691193
7435,Sviatlana,FEDARKEVICH,"N(mu=-3.911, sigma=1.247)",1.2465673652503324,-3.91068281484907
131,Valeriia,DERIABINA,"N(mu=-3.993, sigma=1.133)",1.1326017813551275,-3.9927718799172163
4071,Ayşe,NARMANLI,"N(mu=-4.044, sigma=0.848)",0.8482003806194385,-4.04398026804467
6386,Ashley,VEEVERS,"N(mu=-4.073, sigma=1.231)",1.2308051991213818,-4.073127475506172
2619,Senjam Debala,DEVI,"N(mu=-4.095, sigma=0.897)",0.8973975198279555,-4.0947432520934886
2212,Wing Sze,YUEN,"N(mu=-4.135, sigma=1.006)",1.0055705156460322,-4.134933771675188
2636,Dhanshri,LEKURWALA,"N(mu=-4.351, sigma=0.855)",0.8545884102689899,-4.350500258806889
1070,Hannah,SEALY-FISHER,"N(mu=-4.360, sigma=0.859)",0.8592455832434575,-4.359929091519313
2639,Prerna,DANGI,"N(mu=-4.547, sigma=1.261)",1.2609334298397754,-4.5472539490725
2232,Suet-Ying,LAM,"N(mu=-4.547, sigma=1.212)",1.2116297508183769,-4.547315601800255
4903,Katy,PIDDOCK,"N(mu=-4.564, sigma=2.005)",2.005207046478716,-4.564244666078277
6015,Olena,SHURUBOR,"N(mu=-4.635, sigma=1.333)",1.3328367971631467,-4.635312396530562
11650,Sofia Alejandra,HERRERA VEGA CENTENO,"N(mu=-4.671, sigma=0.849)",0.8491141789796323,-4.671014869114304
5995,Marie Line,MADELAINE,"N(mu=-4.858, sigma=2.239)",2.2388246295195793,-4.857981738026921
6161,Konul,HUSEYNOVA,"N(mu=-4.978, sigma=0.951)",0.9507090626478276,-4.978418995772542
2630,Mayuri,DESHMUKH,"N(mu=-5.063, sigma=1.297)",1.2965562476375774,-5.062907050475612
3858,Nea,HERFORTH BAEHR,"N(mu=-5.302, sigma=1.685)",1.6851545686824376,-5.301756363731946
7448,Ana,PATINO,"N(mu=-5.389, sigma=2.098)",2.0981525922917332,-5.389402631844177
6227,Kajsa,WIKLUND,"N(mu=-5.581, sigma=3.522)",3.5215758014520473,-5.581037507536269
4986,Wangmu,GESANG,"N(mu=-5.712, sigma=3.501)",3.5010078364061337,-5.712115487932058
5609,Marine,BARBIER,"N(mu=-5.750, sigma=3.469)",3.4691213283570237,-5.749860911050503
2067,Jiyeon,JEON,"N(mu=-6.055, sigma=2.170)",2.1698435632323383,-6.055256375168439
5405,Daila,OJEDA SANCHEZ,"N(mu=-6.093, sigma=3.386)",3.3862005656473264,-6.092676619221759
6149,Gunel,QULIYEVA,"N(mu=-6.110, sigma=3.398)",3.398457415085029,-6.110238317017669
4862,Alena,DEMKO,"N(mu=-6.119, sigma=3.413)",3.4132841105024423,-6.119255942036856
6173,Adriana Vanessa,FOURNIER CASTILLO,"N(mu=-6.402, sigma=3.330)",3.3303770038112153,-6.402258623340619
6077,Rianne,VAN DEN BERG,"N(mu=-6.417, sigma=3.326)",3.326186675562595,-6.416711898485874
4894,Marianne,VAN DER  STEEN,"N(mu=-6.519, sigma=3.329)",3.3285886084323413,-6.519406945247365
12623,Rosa,ARNOLD,"N(mu=-6.619, sigma=3.268)",3.2683008735787804,-6.618983999041564
4838,Selena,WONG,"N(mu=-6.721, sigma=3.281)",3.2813991563919793,-6.7207613823944365
2160,Ting-Chen,YAO,"N(mu=-6.732, sigma=3.250)",3.2496321473465124,-6.732391902866383
4700,Sarah,LAGOFFUN,"N(mu=-6.994, sigma=3.617)",3.6165610201616962,-6.994338329389784
2735,Ruxandra-Georgeta,BARBULESCU,"N(mu=-7.097, sigma=2.225)",2.225119245822833,-7.097338023463502
6255,Reyhan,MAMMADOVA ,"N(mu=-7.302, sigma=2.050)",2.0500177230921675,-7.302071470688758
12821,Valeriia,KORYTTSEVA,"N(mu=-7.570, sigma=3.115)",3.1151858690340486,-7.570304875774117
4974,Elena,BRUNNER,"N(mu=-7.821, sigma=3.421)",3.4213246134396207,-7.8206393540217665
6387,Esti,TWEG,"N(mu=-7.914, sigma=3.067)",3.0674011738373497,-7.913834061446098
2539,Lilly,MAGDITSCH,"N(mu=-8.006, sigma=3.100)",3.0999277136884045,-8.005968635511396
639,Eleanor,GLENNIE,"N(mu=-8.372, sigma=3.061)",3.061022405406008,-8.372068245147002
7449,Maja,PETROVSKA,"N(mu=-8.642, sigma=3.254)",3.254003703267532,-8.641813579316358
2624,Flavia Pereira,SONALI,"N(mu=-9.025, sigma=2.565)",2.565388385080008,-9.024931297681603
2086,Saedasom,JUNG,"N(mu=-9.173, sigma=3.223)",3.2230923725609233,-9.172863247884175
2733,Judit,NAGY ,"N(mu=-10.018, sigma=3.161)",3.1609698953019447,-10.01844441846813
6254,Sima,SEFEROVA,"N(mu=-10.389, sigma=2.722)",2.7218121035698126,-10.388583286670457
